<?xml version="1.0" encoding="UTF-8" standalone="no"?>
<!DOCTYPE log SYSTEM "logger.dtd">
<log>
<record>
  <date>2026-01-06T05:19:48.899171800Z</date>
  <millis>1767676788899</millis>
  <nanos>171800</nanos>
  <sequence>0</sequence>
  <level>START</level>
  <class>com.kms.katalon.core.logging.XmlKeywordLogger</class>
  <method>startSuite</method>
  <thread>1</thread>
  <message>Start Test Suite : Test Suites/permohonan aktiviti politik</message>
  <nestedLevel>0</nestedLevel>
  <escapedJava>false</escapedJava>
  <property name="rerunTestFailImmediately">false</property>
  <property name="retryCount">0</property>
  <property name="name">permohonan aktiviti politik</property>
  <property name="description"></property>
  <property name="id">Test Suites/permohonan aktiviti politik</property>
</record>
<record>
  <date>2026-01-06T05:19:48.932913Z</date>
  <millis>1767676788932</millis>
  <nanos>913000</nanos>
  <sequence>1</sequence>
  <level>RUN_DATA</level>
  <class>com.kms.katalon.core.logging.XmlKeywordLogger</class>
  <method>logMessage</method>
  <thread>1</thread>
  <message>userFullName = bella nordin</message>
  <nestedLevel>0</nestedLevel>
  <escapedJava>false</escapedJava>
  <property name="userFullName">bella nordin</property>
</record>
<record>
  <date>2026-01-06T05:19:48.933910700Z</date>
  <millis>1767676788933</millis>
  <nanos>910700</nanos>
  <sequence>2</sequence>
  <level>RUN_DATA</level>
  <class>com.kms.katalon.core.logging.XmlKeywordLogger</class>
  <method>logMessage</method>
  <thread>1</thread>
  <message>projectName = Automation-Testing-MBSP</message>
  <nestedLevel>0</nestedLevel>
  <escapedJava>false</escapedJava>
  <property name="projectName">Automation-Testing-MBSP</property>
</record>
<record>
  <date>2026-01-06T05:19:48.933910700Z</date>
  <millis>1767676788933</millis>
  <nanos>910700</nanos>
  <sequence>3</sequence>
  <level>RUN_DATA</level>
  <class>com.kms.katalon.core.logging.XmlKeywordLogger</class>
  <method>logMessage</method>
  <thread>1</thread>
  <message>hostName = bellaa - DESKTOP-T6ADH9V</message>
  <nestedLevel>0</nestedLevel>
  <escapedJava>false</escapedJava>
  <property name="hostName">bellaa - DESKTOP-T6ADH9V</property>
</record>
<record>
  <date>2026-01-06T05:19:48.934909400Z</date>
  <millis>1767676788934</millis>
  <nanos>909400</nanos>
  <sequence>4</sequence>
  <level>RUN_DATA</level>
  <class>com.kms.katalon.core.logging.XmlKeywordLogger</class>
  <method>logMessage</method>
  <thread>1</thread>
  <message>os = Windows 11 64bit</message>
  <nestedLevel>0</nestedLevel>
  <escapedJava>false</escapedJava>
  <property name="os">Windows 11 64bit</property>
</record>
<record>
  <date>2026-01-06T05:19:48.935907Z</date>
  <millis>1767676788935</millis>
  <nanos>907000</nanos>
  <sequence>5</sequence>
  <level>RUN_DATA</level>
  <class>com.kms.katalon.core.logging.XmlKeywordLogger</class>
  <method>logMessage</method>
  <thread>1</thread>
  <message>hostAddress = 192.168.0.166</message>
  <nestedLevel>0</nestedLevel>
  <escapedJava>false</escapedJava>
  <property name="hostAddress">192.168.0.166</property>
</record>
<record>
  <date>2026-01-06T05:19:48.936904100Z</date>
  <millis>1767676788936</millis>
  <nanos>904100</nanos>
  <sequence>6</sequence>
  <level>RUN_DATA</level>
  <class>com.kms.katalon.core.logging.XmlKeywordLogger</class>
  <method>logMessage</method>
  <thread>1</thread>
  <message>katalonVersion = 10.4.1.0</message>
  <nestedLevel>0</nestedLevel>
  <escapedJava>false</escapedJava>
  <property name="katalonVersion">10.4.1.0</property>
</record>
<record>
  <date>2026-01-06T05:19:49.613741100Z</date>
  <millis>1767676789613</millis>
  <nanos>741100</nanos>
  <sequence>7</sequence>
  <level>START</level>
  <class>com.kms.katalon.core.logging.XmlKeywordLogger</class>
  <method>startTest</method>
  <thread>1</thread>
  <message>Start Test Case : Test Cases/Permohonan Aktiviti Politik/jana surat</message>
  <nestedLevel>1</nestedLevel>
  <escapedJava>false</escapedJava>
  <property name="origin"></property>
  <property name="name">Test Cases/Permohonan Aktiviti Politik/jana surat</property>
  <property name="description"></property>
  <property name="iteration"></property>
  <property name="id">Test Cases/Permohonan Aktiviti Politik/jana surat</property>
  <property name="source">C:\Users\bellaa\OneDrive\Desktop\Automation-Testing-MBSP\Automation-Testing-MBSP\Test Cases\Permohonan Aktiviti Politik\jana surat.tc</property>
  <property name="tag"></property>
  <property name="isOptional">false</property>
</record>
<record>
  <date>2026-01-06T05:19:50.281440300Z</date>
  <millis>1767676790281</millis>
  <nanos>440300</nanos>
  <sequence>9</sequence>
  <level>START</level>
  <class>com.kms.katalon.core.logging.XmlKeywordLogger</class>
  <method>startKeyword</method>
  <thread>1</thread>
  <message>Start action : openBrowser(&amp;quot;&amp;quot;)</message>
  <nestedLevel>1</nestedLevel>
  <escapedJava>false</escapedJava>
  <property name="startLine">20</property>
  <property name="stepIndex">1</property>
</record>
<record>
  <date>2026-01-06T05:19:50.629606900Z</date>
  <millis>1767676790629</millis>
  <nanos>606900</nanos>
  <sequence>12</sequence>
  <level>INFO</level>
  <class>com.kms.katalon.core.logging.XmlKeywordLogger</class>
  <method>logMessage</method>
  <thread>1</thread>
  <message>Starting &amp;apos;Chrome&amp;apos; driver</message>
  <nestedLevel>1</nestedLevel>
  <escapedJava>false</escapedJava>
</record>
<record>
  <date>2026-01-06T05:19:50.764988100Z</date>
  <millis>1767676790764</millis>
  <nanos>988100</nanos>
  <sequence>13</sequence>
  <level>INFO</level>
  <class>com.kms.katalon.core.logging.XmlKeywordLogger</class>
  <method>logMessage</method>
  <thread>1</thread>
  <message>Action delay is set to 0 milliseconds</message>
  <nestedLevel>1</nestedLevel>
  <escapedJava>false</escapedJava>
</record>
<record>
  <date>2026-01-06T05:19:52.876517200Z</date>
  <millis>1767676792876</millis>
  <nanos>517200</nanos>
  <sequence>16</sequence>
  <level>RUN_DATA</level>
  <class>com.kms.katalon.core.logging.XmlKeywordLogger</class>
  <method>logMessage</method>
  <thread>1</thread>
  <message>sessionId = 198097cf542ea1b555720ecf28ecb396</message>
  <nestedLevel>1</nestedLevel>
  <escapedJava>false</escapedJava>
  <property name="sessionId">198097cf542ea1b555720ecf28ecb396</property>
</record>
<record>
  <date>2026-01-06T05:19:52.877638700Z</date>
  <millis>1767676792877</millis>
  <nanos>638700</nanos>
  <sequence>17</sequence>
  <level>RUN_DATA</level>
  <class>com.kms.katalon.core.logging.XmlKeywordLogger</class>
  <method>logMessage</method>
  <thread>1</thread>
  <message>browser = Chrome 143.0.7499.170</message>
  <nestedLevel>1</nestedLevel>
  <escapedJava>false</escapedJava>
  <property name="browser">Chrome 143.0.7499.170</property>
</record>
<record>
  <date>2026-01-06T05:19:52.877638700Z</date>
  <millis>1767676792877</millis>
  <nanos>638700</nanos>
  <sequence>18</sequence>
  <level>RUN_DATA</level>
  <class>com.kms.katalon.core.logging.XmlKeywordLogger</class>
  <method>logMessage</method>
  <thread>1</thread>
  <message>platform = Windows 11</message>
  <nestedLevel>1</nestedLevel>
  <escapedJava>false</escapedJava>
  <property name="platform">Windows 11</property>
</record>
<record>
  <date>2026-01-06T05:19:52.878795Z</date>
  <millis>1767676792878</millis>
  <nanos>795000</nanos>
  <sequence>19</sequence>
  <level>RUN_DATA</level>
  <class>com.kms.katalon.core.logging.XmlKeywordLogger</class>
  <method>logMessage</method>
  <thread>1</thread>
  <message>seleniumVersion = 4.34.0</message>
  <nestedLevel>1</nestedLevel>
  <escapedJava>false</escapedJava>
  <property name="seleniumVersion">4.34.0</property>
</record>
<record>
  <date>2026-01-06T05:19:52.888234500Z</date>
  <millis>1767676792888</millis>
  <nanos>234500</nanos>
  <sequence>20</sequence>
  <level>RUN_DATA</level>
  <class>com.kms.katalon.core.logging.XmlKeywordLogger</class>
  <method>logMessage</method>
  <thread>1</thread>
  <message>proxyInformation = ProxyInformation { proxyOption=NO_PROXY, proxyServerType=HTTP, username=, password=********, proxyServerAddress=, proxyServerPort=0, executionList=&amp;quot;&amp;quot;, isApplyToDesiredCapabilities=true }</message>
  <nestedLevel>1</nestedLevel>
  <escapedJava>false</escapedJava>
  <property name="proxyInformation">ProxyInformation { proxyOption=NO_PROXY, proxyServerType=HTTP, username=, password=********, proxyServerAddress=, proxyServerPort=0, executionList=&quot;&quot;, isApplyToDesiredCapabilities=true }</property>
</record>
<record>
  <date>2026-01-06T05:19:52.957760400Z</date>
  <millis>1767676792957</millis>
  <nanos>760400</nanos>
  <sequence>21</sequence>
  <level>PASSED</level>
  <class>com.kms.katalon.core.logging.XmlKeywordLogger</class>
  <method>logMessage</method>
  <thread>1</thread>
  <message>Browser is opened with url: &amp;apos;&amp;apos;</message>
  <nestedLevel>1</nestedLevel>
  <escapedJava>false</escapedJava>
  <property name="testops-method-name">com.kms.katalon.core.webui.keyword.builtin.OpenBrowserKeyword.openBrowser</property>
  <property name="testops-execution-stacktrace"></property>
</record>
<record>
  <date>2026-01-06T05:19:52.962513800Z</date>
  <millis>1767676792962</millis>
  <nanos>513800</nanos>
  <sequence>22</sequence>
  <level>END</level>
  <class>com.kms.katalon.core.logging.XmlKeywordLogger</class>
  <method>endKeyword</method>
  <thread>1</thread>
  <message>End action : openBrowser(&amp;quot;&amp;quot;)</message>
  <nestedLevel>1</nestedLevel>
  <escapedJava>false</escapedJava>
</record>
<record>
  <date>2026-01-06T05:19:52.963518200Z</date>
  <millis>1767676792963</millis>
  <nanos>518200</nanos>
  <sequence>23</sequence>
  <level>START</level>
  <class>com.kms.katalon.core.logging.XmlKeywordLogger</class>
  <method>startKeyword</method>
  <thread>1</thread>
  <message>Start action : navigateToUrl(&amp;quot;https://mbsphr-dev.veecotech.com.my/internal-login-hr&amp;quot;)</message>
  <nestedLevel>1</nestedLevel>
  <escapedJava>false</escapedJava>
  <property name="startLine">22</property>
  <property name="stepIndex">2</property>
</record>
<record>
  <date>2026-01-06T05:19:54.274904300Z</date>
  <millis>1767676794274</millis>
  <nanos>904300</nanos>
  <sequence>27</sequence>
  <level>PASSED</level>
  <class>com.kms.katalon.core.logging.XmlKeywordLogger</class>
  <method>logMessage</method>
  <thread>1</thread>
  <message>Navigate to &amp;apos;https://mbsphr-dev.veecotech.com.my/internal-login-hr&amp;apos; successfully</message>
  <nestedLevel>1</nestedLevel>
  <escapedJava>false</escapedJava>
  <property name="testops-method-name">com.kms.katalon.core.webui.keyword.builtin.NavigateToUrlKeyword.navigateToUrl</property>
  <property name="testops-execution-stacktrace"></property>
</record>
<record>
  <date>2026-01-06T05:19:54.279110300Z</date>
  <millis>1767676794279</millis>
  <nanos>110300</nanos>
  <sequence>28</sequence>
  <level>END</level>
  <class>com.kms.katalon.core.logging.XmlKeywordLogger</class>
  <method>endKeyword</method>
  <thread>1</thread>
  <message>End action : navigateToUrl(&amp;quot;https://mbsphr-dev.veecotech.com.my/internal-login-hr&amp;quot;)</message>
  <nestedLevel>1</nestedLevel>
  <escapedJava>false</escapedJava>
</record>
<record>
  <date>2026-01-06T05:19:54.280109900Z</date>
  <millis>1767676794280</millis>
  <nanos>109900</nanos>
  <sequence>29</sequence>
  <level>START</level>
  <class>com.kms.katalon.core.logging.XmlKeywordLogger</class>
  <method>startKeyword</method>
  <thread>1</thread>
  <message>Start action : setText(findTestObject(&amp;quot;Object Repository/PAP-jana surat/Page_MBSP - Log Masuk/input__no_ktgn&amp;quot;), &amp;quot;11111&amp;quot;)</message>
  <nestedLevel>1</nestedLevel>
  <escapedJava>false</escapedJava>
  <property name="startLine">24</property>
  <property name="stepIndex">3</property>
</record>
<record>
  <date>2026-01-06T05:19:55.382207800Z</date>
  <millis>1767676795382</millis>
  <nanos>207800</nanos>
  <sequence>43</sequence>
  <level>PASSED</level>
  <class>com.kms.katalon.core.logging.XmlKeywordLogger</class>
  <method>logMessage</method>
  <thread>1</thread>
  <message>Text &amp;apos;11111&amp;apos; is set on object &amp;apos;Object Repository/PAP-jana surat/Page_MBSP - Log Masuk/input__no_ktgn&amp;apos;</message>
  <nestedLevel>1</nestedLevel>
  <escapedJava>false</escapedJava>
  <property name="testops-method-name">com.kms.katalon.core.webui.keyword.internal.WebUIKeywordMain.runKeywordUntilTimeout</property>
  <property name="testops-execution-stacktrace">com.kms.katalon.core.logging.KeywordLogger.logPassed(KeywordLogger.java:332)
com.kms.katalon.core.logging.KeywordLogger.logPassed(KeywordLogger.java:327)
com.kms.katalon.core.webui.keyword.builtin.SetTextKeyword$_setText_closure1.doCall(SetTextKeyword.groovy:99)
java.base/jdk.internal.reflect.NativeMethodAccessorImpl.invoke0(Native Method)
java.base/jdk.internal.reflect.NativeMethodAccessorImpl.invoke(NativeMethodAccessorImpl.java:77)
java.base/jdk.internal.reflect.DelegatingMethodAccessorImpl.invoke(DelegatingMethodAccessorImpl.java:43)
jdk.proxy2/jdk.proxy2.$Proxy46.execute(Unknown Source)
com.kms.katalon.core.webui.model.SeleniumActionRetryController.performAction(SeleniumActionRetryController.java:96)
com.kms.katalon.core.webui.model.SeleniumActionRetryController.performAction(SeleniumActionRetryController.java:83)
com.kms.katalon.core.webui.keyword.internal.WebUIKeywordMain$_runKeywordUntilTimeout_closure1.doCall(WebUIKeywordMain.groovy:135)
com.kms.katalon.core.webui.keyword.internal.WebUIKeywordMain$_runKeywordUntilTimeout_closure1.call(WebUIKeywordMain.groovy)
com.kms.katalon.core.webui.keyword.internal.WebUIKeywordMain.runKeyword(WebUIKeywordMain.groovy:41)
com.kms.katalon.core.webui.keyword.internal.WebUIKeywordMain.runKeywordUntilTimeout(WebUIKeywordMain.groovy:133)
com.kms.katalon.core.webui.keyword.builtin.SetTextKeyword.setText(SetTextKeyword.groovy:106)
com.kms.katalon.core.webui.keyword.builtin.SetTextKeyword.execute(SetTextKeyword.groovy:49)
com.kms.katalon.core.keyword.internal.KeywordExecutor.executeKeywordForPlatform(KeywordExecutor.groovy:89)
com.kms.katalon.core.webui.keyword.WebUiBuiltInKeywords.setText(WebUiBuiltInKeywords.groovy:1081)
jana surat.run(jana surat:24)
</property>
</record>
<record>
  <date>2026-01-06T05:19:55.388165800Z</date>
  <millis>1767676795388</millis>
  <nanos>165800</nanos>
  <sequence>44</sequence>
  <level>END</level>
  <class>com.kms.katalon.core.logging.XmlKeywordLogger</class>
  <method>endKeyword</method>
  <thread>1</thread>
  <message>End action : setText(findTestObject(&amp;quot;Object Repository/PAP-jana surat/Page_MBSP - Log Masuk/input__no_ktgn&amp;quot;), &amp;quot;11111&amp;quot;)</message>
  <nestedLevel>1</nestedLevel>
  <escapedJava>false</escapedJava>
</record>
<record>
  <date>2026-01-06T05:19:55.389189900Z</date>
  <millis>1767676795389</millis>
  <nanos>189900</nanos>
  <sequence>45</sequence>
  <level>START</level>
  <class>com.kms.katalon.core.logging.XmlKeywordLogger</class>
  <method>startKeyword</method>
  <thread>1</thread>
  <message>Start action : setEncryptedText(findTestObject(&amp;quot;Object Repository/PAP-jana surat/Page_MBSP - Log Masuk/input__password&amp;quot;), &amp;quot;ReS8CS55u3r9nXfefBFv2A==&amp;quot;)</message>
  <nestedLevel>1</nestedLevel>
  <escapedJava>false</escapedJava>
  <property name="startLine">26</property>
  <property name="stepIndex">4</property>
</record>
<record>
  <date>2026-01-06T05:19:55.842479400Z</date>
  <millis>1767676795842</millis>
  <nanos>479400</nanos>
  <sequence>58</sequence>
  <level>PASSED</level>
  <class>com.kms.katalon.core.logging.XmlKeywordLogger</class>
  <method>logMessage</method>
  <thread>1</thread>
  <message>Text ****** has been set on object &amp;apos;Object Repository/PAP-jana surat/Page_MBSP - Log Masuk/input__password&amp;apos;</message>
  <nestedLevel>1</nestedLevel>
  <escapedJava>false</escapedJava>
  <property name="testops-method-name">com.kms.katalon.core.webui.keyword.internal.WebUIKeywordMain.runKeywordUntilTimeout</property>
  <property name="testops-execution-stacktrace">com.kms.katalon.core.logging.KeywordLogger.logPassed(KeywordLogger.java:332)
com.kms.katalon.core.logging.KeywordLogger.logPassed(KeywordLogger.java:327)
com.kms.katalon.core.webui.keyword.builtin.SetEncryptedTextKeyword$_setEncryptedText_closure1.doCall(SetEncryptedTextKeyword.groovy:82)
java.base/jdk.internal.reflect.NativeMethodAccessorImpl.invoke0(Native Method)
java.base/jdk.internal.reflect.NativeMethodAccessorImpl.invoke(NativeMethodAccessorImpl.java:77)
java.base/jdk.internal.reflect.DelegatingMethodAccessorImpl.invoke(DelegatingMethodAccessorImpl.java:43)
jdk.proxy2/jdk.proxy2.$Proxy46.execute(Unknown Source)
com.kms.katalon.core.webui.model.SeleniumActionRetryController.performAction(SeleniumActionRetryController.java:96)
com.kms.katalon.core.webui.model.SeleniumActionRetryController.performAction(SeleniumActionRetryController.java:83)
com.kms.katalon.core.webui.keyword.internal.WebUIKeywordMain$_runKeywordUntilTimeout_closure1.doCall(WebUIKeywordMain.groovy:135)
com.kms.katalon.core.webui.keyword.internal.WebUIKeywordMain$_runKeywordUntilTimeout_closure1.call(WebUIKeywordMain.groovy)
com.kms.katalon.core.webui.keyword.internal.WebUIKeywordMain.runKeyword(WebUIKeywordMain.groovy:41)
com.kms.katalon.core.webui.keyword.internal.WebUIKeywordMain.runKeywordUntilTimeout(WebUIKeywordMain.groovy:133)
com.kms.katalon.core.webui.keyword.builtin.SetEncryptedTextKeyword.setEncryptedText(SetEncryptedTextKeyword.groovy:88)
com.kms.katalon.core.webui.keyword.builtin.SetEncryptedTextKeyword.execute(SetEncryptedTextKeyword.groovy:48)
com.kms.katalon.core.keyword.internal.KeywordExecutor.executeKeywordForPlatform(KeywordExecutor.groovy:89)
com.kms.katalon.core.webui.keyword.WebUiBuiltInKeywords.setEncryptedText(WebUiBuiltInKeywords.groovy:1112)
jana surat.run(jana surat:26)
</property>
</record>
<record>
  <date>2026-01-06T05:19:55.842479400Z</date>
  <millis>1767676795842</millis>
  <nanos>479400</nanos>
  <sequence>59</sequence>
  <level>END</level>
  <class>com.kms.katalon.core.logging.XmlKeywordLogger</class>
  <method>endKeyword</method>
  <thread>1</thread>
  <message>End action : setEncryptedText(findTestObject(&amp;quot;Object Repository/PAP-jana surat/Page_MBSP - Log Masuk/input__password&amp;quot;), &amp;quot;ReS8CS55u3r9nXfefBFv2A==&amp;quot;)</message>
  <nestedLevel>1</nestedLevel>
  <escapedJava>false</escapedJava>
</record>
<record>
  <date>2026-01-06T05:19:55.842479400Z</date>
  <millis>1767676795842</millis>
  <nanos>479400</nanos>
  <sequence>60</sequence>
  <level>START</level>
  <class>com.kms.katalon.core.logging.XmlKeywordLogger</class>
  <method>startKeyword</method>
  <thread>1</thread>
  <message>Start action : click(findTestObject(&amp;quot;Object Repository/PAP-jana surat/Page_MBSP - Log Masuk/button__login_button&amp;quot;))</message>
  <nestedLevel>1</nestedLevel>
  <escapedJava>false</escapedJava>
  <property name="startLine">28</property>
  <property name="stepIndex">5</property>
</record>
<record>
  <date>2026-01-06T05:19:59.185114Z</date>
  <millis>1767676799185</millis>
  <nanos>114000</nanos>
  <sequence>71</sequence>
  <level>PASSED</level>
  <class>com.kms.katalon.core.logging.XmlKeywordLogger</class>
  <method>logMessage</method>
  <thread>1</thread>
  <message>Object: &amp;apos;Object Repository/PAP-jana surat/Page_MBSP - Log Masuk/button__login_button&amp;apos; is clicked on</message>
  <nestedLevel>1</nestedLevel>
  <escapedJava>false</escapedJava>
  <property name="testops-method-name">com.kms.katalon.core.webui.keyword.internal.WebUIKeywordMain.runKeywordUntilTimeout</property>
  <property name="testops-execution-stacktrace">com.kms.katalon.core.logging.KeywordLogger.logPassed(KeywordLogger.java:332)
com.kms.katalon.core.logging.KeywordLogger.logPassed(KeywordLogger.java:327)
com.kms.katalon.core.webui.keyword.builtin.ClickKeyword$_click_closure1.doCall(ClickKeyword.groovy:59)
java.base/jdk.internal.reflect.NativeMethodAccessorImpl.invoke0(Native Method)
java.base/jdk.internal.reflect.NativeMethodAccessorImpl.invoke(NativeMethodAccessorImpl.java:77)
java.base/jdk.internal.reflect.DelegatingMethodAccessorImpl.invoke(DelegatingMethodAccessorImpl.java:43)
jdk.proxy2/jdk.proxy2.$Proxy46.execute(Unknown Source)
com.kms.katalon.core.webui.model.SeleniumActionRetryController.performAction(SeleniumActionRetryController.java:96)
com.kms.katalon.core.webui.model.SeleniumActionRetryController.performAction(SeleniumActionRetryController.java:83)
com.kms.katalon.core.webui.keyword.internal.WebUIKeywordMain$_runKeywordUntilTimeout_closure1.doCall(WebUIKeywordMain.groovy:135)
com.kms.katalon.core.webui.keyword.internal.WebUIKeywordMain$_runKeywordUntilTimeout_closure1.call(WebUIKeywordMain.groovy)
com.kms.katalon.core.webui.keyword.internal.WebUIKeywordMain.runKeyword(WebUIKeywordMain.groovy:41)
com.kms.katalon.core.webui.keyword.internal.WebUIKeywordMain.runKeywordUntilTimeout(WebUIKeywordMain.groovy:133)
com.kms.katalon.core.webui.keyword.builtin.ClickKeyword.click(ClickKeyword.groovy:65)
com.kms.katalon.core.webui.keyword.builtin.ClickKeyword.execute(ClickKeyword.groovy:38)
com.kms.katalon.core.keyword.internal.KeywordExecutor.executeKeywordForPlatform(KeywordExecutor.groovy:89)
com.kms.katalon.core.webui.keyword.WebUiBuiltInKeywords.click(WebUiBuiltInKeywords.groovy:721)
jana surat.run(jana surat:28)
</property>
</record>
<record>
  <date>2026-01-06T05:19:59.188088Z</date>
  <millis>1767676799188</millis>
  <nanos>88000</nanos>
  <sequence>72</sequence>
  <level>END</level>
  <class>com.kms.katalon.core.logging.XmlKeywordLogger</class>
  <method>endKeyword</method>
  <thread>1</thread>
  <message>End action : click(findTestObject(&amp;quot;Object Repository/PAP-jana surat/Page_MBSP - Log Masuk/button__login_button&amp;quot;))</message>
  <nestedLevel>1</nestedLevel>
  <escapedJava>false</escapedJava>
</record>
<record>
  <date>2026-01-06T05:19:59.188088Z</date>
  <millis>1767676799188</millis>
  <nanos>88000</nanos>
  <sequence>73</sequence>
  <level>START</level>
  <class>com.kms.katalon.core.logging.XmlKeywordLogger</class>
  <method>startKeyword</method>
  <thread>1</thread>
  <message>Start action : click(findTestObject(&amp;quot;Object Repository/PAP-jana surat/Page_MBSP - Dashboard/span_Lapor Diri_dash-mtext&amp;quot;))</message>
  <nestedLevel>1</nestedLevel>
  <escapedJava>false</escapedJava>
  <property name="startLine">30</property>
  <property name="stepIndex">6</property>
</record>
<record>
  <date>2026-01-06T05:19:59.789859200Z</date>
  <millis>1767676799789</millis>
  <nanos>859200</nanos>
  <sequence>84</sequence>
  <level>PASSED</level>
  <class>com.kms.katalon.core.logging.XmlKeywordLogger</class>
  <method>logMessage</method>
  <thread>1</thread>
  <message>Object: &amp;apos;Object Repository/PAP-jana surat/Page_MBSP - Dashboard/span_Lapor Diri_dash-mtext&amp;apos; is clicked on</message>
  <nestedLevel>1</nestedLevel>
  <escapedJava>false</escapedJava>
  <property name="testops-method-name">com.kms.katalon.core.webui.keyword.internal.WebUIKeywordMain.runKeywordUntilTimeout</property>
  <property name="testops-execution-stacktrace">com.kms.katalon.core.logging.KeywordLogger.logPassed(KeywordLogger.java:332)
com.kms.katalon.core.logging.KeywordLogger.logPassed(KeywordLogger.java:327)
com.kms.katalon.core.webui.keyword.builtin.ClickKeyword$_click_closure1.doCall(ClickKeyword.groovy:59)
java.base/jdk.internal.reflect.NativeMethodAccessorImpl.invoke0(Native Method)
java.base/jdk.internal.reflect.NativeMethodAccessorImpl.invoke(NativeMethodAccessorImpl.java:77)
java.base/jdk.internal.reflect.DelegatingMethodAccessorImpl.invoke(DelegatingMethodAccessorImpl.java:43)
jdk.proxy2/jdk.proxy2.$Proxy46.execute(Unknown Source)
com.kms.katalon.core.webui.model.SeleniumActionRetryController.performAction(SeleniumActionRetryController.java:96)
com.kms.katalon.core.webui.model.SeleniumActionRetryController.performAction(SeleniumActionRetryController.java:83)
com.kms.katalon.core.webui.keyword.internal.WebUIKeywordMain$_runKeywordUntilTimeout_closure1.doCall(WebUIKeywordMain.groovy:135)
com.kms.katalon.core.webui.keyword.internal.WebUIKeywordMain$_runKeywordUntilTimeout_closure1.call(WebUIKeywordMain.groovy)
com.kms.katalon.core.webui.keyword.internal.WebUIKeywordMain.runKeyword(WebUIKeywordMain.groovy:41)
com.kms.katalon.core.webui.keyword.internal.WebUIKeywordMain.runKeywordUntilTimeout(WebUIKeywordMain.groovy:133)
com.kms.katalon.core.webui.keyword.builtin.ClickKeyword.click(ClickKeyword.groovy:65)
com.kms.katalon.core.webui.keyword.builtin.ClickKeyword.execute(ClickKeyword.groovy:38)
com.kms.katalon.core.keyword.internal.KeywordExecutor.executeKeywordForPlatform(KeywordExecutor.groovy:89)
com.kms.katalon.core.webui.keyword.WebUiBuiltInKeywords.click(WebUiBuiltInKeywords.groovy:721)
jana surat.run(jana surat:30)
</property>
</record>
<record>
  <date>2026-01-06T05:19:59.792852300Z</date>
  <millis>1767676799792</millis>
  <nanos>852300</nanos>
  <sequence>85</sequence>
  <level>END</level>
  <class>com.kms.katalon.core.logging.XmlKeywordLogger</class>
  <method>endKeyword</method>
  <thread>1</thread>
  <message>End action : click(findTestObject(&amp;quot;Object Repository/PAP-jana surat/Page_MBSP - Dashboard/span_Lapor Diri_dash-mtext&amp;quot;))</message>
  <nestedLevel>1</nestedLevel>
  <escapedJava>false</escapedJava>
</record>
<record>
  <date>2026-01-06T05:19:59.793848900Z</date>
  <millis>1767676799793</millis>
  <nanos>848900</nanos>
  <sequence>86</sequence>
  <level>START</level>
  <class>com.kms.katalon.core.logging.XmlKeywordLogger</class>
  <method>startKeyword</method>
  <thread>1</thread>
  <message>Start action : click(findTestObject(&amp;quot;Object Repository/PAP-jana surat/Page_MBSP - Dashboard/span_Permohonan TanahSaham_dash-mtext&amp;quot;))</message>
  <nestedLevel>1</nestedLevel>
  <escapedJava>false</escapedJava>
  <property name="startLine">32</property>
  <property name="stepIndex">7</property>
</record>
<record>
  <date>2026-01-06T05:20:01.109790300Z</date>
  <millis>1767676801109</millis>
  <nanos>790300</nanos>
  <sequence>97</sequence>
  <level>PASSED</level>
  <class>com.kms.katalon.core.logging.XmlKeywordLogger</class>
  <method>logMessage</method>
  <thread>1</thread>
  <message>Object: &amp;apos;Object Repository/PAP-jana surat/Page_MBSP - Dashboard/span_Permohonan TanahSaham_dash-mtext&amp;apos; is clicked on</message>
  <nestedLevel>1</nestedLevel>
  <escapedJava>false</escapedJava>
  <property name="testops-method-name">com.kms.katalon.core.webui.keyword.internal.WebUIKeywordMain.runKeywordUntilTimeout</property>
  <property name="testops-execution-stacktrace">com.kms.katalon.core.logging.KeywordLogger.logPassed(KeywordLogger.java:332)
com.kms.katalon.core.logging.KeywordLogger.logPassed(KeywordLogger.java:327)
com.kms.katalon.core.webui.keyword.builtin.ClickKeyword$_click_closure1.doCall(ClickKeyword.groovy:59)
java.base/jdk.internal.reflect.NativeMethodAccessorImpl.invoke0(Native Method)
java.base/jdk.internal.reflect.NativeMethodAccessorImpl.invoke(NativeMethodAccessorImpl.java:77)
java.base/jdk.internal.reflect.DelegatingMethodAccessorImpl.invoke(DelegatingMethodAccessorImpl.java:43)
jdk.proxy2/jdk.proxy2.$Proxy46.execute(Unknown Source)
com.kms.katalon.core.webui.model.SeleniumActionRetryController.performAction(SeleniumActionRetryController.java:96)
com.kms.katalon.core.webui.model.SeleniumActionRetryController.performAction(SeleniumActionRetryController.java:83)
com.kms.katalon.core.webui.keyword.internal.WebUIKeywordMain$_runKeywordUntilTimeout_closure1.doCall(WebUIKeywordMain.groovy:135)
com.kms.katalon.core.webui.keyword.internal.WebUIKeywordMain$_runKeywordUntilTimeout_closure1.call(WebUIKeywordMain.groovy)
com.kms.katalon.core.webui.keyword.internal.WebUIKeywordMain.runKeyword(WebUIKeywordMain.groovy:41)
com.kms.katalon.core.webui.keyword.internal.WebUIKeywordMain.runKeywordUntilTimeout(WebUIKeywordMain.groovy:133)
com.kms.katalon.core.webui.keyword.builtin.ClickKeyword.click(ClickKeyword.groovy:65)
com.kms.katalon.core.webui.keyword.builtin.ClickKeyword.execute(ClickKeyword.groovy:38)
com.kms.katalon.core.keyword.internal.KeywordExecutor.executeKeywordForPlatform(KeywordExecutor.groovy:89)
com.kms.katalon.core.webui.keyword.WebUiBuiltInKeywords.click(WebUiBuiltInKeywords.groovy:721)
jana surat.run(jana surat:32)
</property>
</record>
<record>
  <date>2026-01-06T05:20:01.118435500Z</date>
  <millis>1767676801118</millis>
  <nanos>435500</nanos>
  <sequence>98</sequence>
  <level>END</level>
  <class>com.kms.katalon.core.logging.XmlKeywordLogger</class>
  <method>endKeyword</method>
  <thread>1</thread>
  <message>End action : click(findTestObject(&amp;quot;Object Repository/PAP-jana surat/Page_MBSP - Dashboard/span_Permohonan TanahSaham_dash-mtext&amp;quot;))</message>
  <nestedLevel>1</nestedLevel>
  <escapedJava>false</escapedJava>
</record>
<record>
  <date>2026-01-06T05:20:01.119433300Z</date>
  <millis>1767676801119</millis>
  <nanos>433300</nanos>
  <sequence>99</sequence>
  <level>START</level>
  <class>com.kms.katalon.core.logging.XmlKeywordLogger</class>
  <method>startKeyword</method>
  <thread>1</thread>
  <message>Start action : click(findTestObject(&amp;quot;Object Repository/PAP-jana surat/Page_MBSP - Pemakluman Penglibatan Politik/a__mx-3 btn btn-sm d-flex align-items-cente_89f6a6&amp;quot;))</message>
  <nestedLevel>1</nestedLevel>
  <escapedJava>false</escapedJava>
  <property name="startLine">34</property>
  <property name="stepIndex">8</property>
</record>
<record>
  <date>2026-01-06T05:20:02.173550900Z</date>
  <millis>1767676802173</millis>
  <nanos>550900</nanos>
  <sequence>110</sequence>
  <level>PASSED</level>
  <class>com.kms.katalon.core.logging.XmlKeywordLogger</class>
  <method>logMessage</method>
  <thread>1</thread>
  <message>Object: &amp;apos;Object Repository/PAP-jana surat/Page_MBSP - Pemakluman Penglibatan Politik/a__mx-3 btn btn-sm d-flex align-items-cente_89f6a6&amp;apos; is clicked on</message>
  <nestedLevel>1</nestedLevel>
  <escapedJava>false</escapedJava>
  <property name="testops-method-name">com.kms.katalon.core.webui.keyword.internal.WebUIKeywordMain.runKeywordUntilTimeout</property>
  <property name="testops-execution-stacktrace">com.kms.katalon.core.logging.KeywordLogger.logPassed(KeywordLogger.java:332)
com.kms.katalon.core.logging.KeywordLogger.logPassed(KeywordLogger.java:327)
com.kms.katalon.core.webui.keyword.builtin.ClickKeyword$_click_closure1.doCall(ClickKeyword.groovy:59)
java.base/jdk.internal.reflect.NativeMethodAccessorImpl.invoke0(Native Method)
java.base/jdk.internal.reflect.NativeMethodAccessorImpl.invoke(NativeMethodAccessorImpl.java:77)
java.base/jdk.internal.reflect.DelegatingMethodAccessorImpl.invoke(DelegatingMethodAccessorImpl.java:43)
jdk.proxy2/jdk.proxy2.$Proxy46.execute(Unknown Source)
com.kms.katalon.core.webui.model.SeleniumActionRetryController.performAction(SeleniumActionRetryController.java:96)
com.kms.katalon.core.webui.model.SeleniumActionRetryController.performAction(SeleniumActionRetryController.java:83)
com.kms.katalon.core.webui.keyword.internal.WebUIKeywordMain$_runKeywordUntilTimeout_closure1.doCall(WebUIKeywordMain.groovy:135)
com.kms.katalon.core.webui.keyword.internal.WebUIKeywordMain$_runKeywordUntilTimeout_closure1.call(WebUIKeywordMain.groovy)
com.kms.katalon.core.webui.keyword.internal.WebUIKeywordMain.runKeyword(WebUIKeywordMain.groovy:41)
com.kms.katalon.core.webui.keyword.internal.WebUIKeywordMain.runKeywordUntilTimeout(WebUIKeywordMain.groovy:133)
com.kms.katalon.core.webui.keyword.builtin.ClickKeyword.click(ClickKeyword.groovy:65)
com.kms.katalon.core.webui.keyword.builtin.ClickKeyword.execute(ClickKeyword.groovy:38)
com.kms.katalon.core.keyword.internal.KeywordExecutor.executeKeywordForPlatform(KeywordExecutor.groovy:89)
com.kms.katalon.core.webui.keyword.WebUiBuiltInKeywords.click(WebUiBuiltInKeywords.groovy:721)
jana surat.run(jana surat:34)
</property>
</record>
<record>
  <date>2026-01-06T05:20:02.175544200Z</date>
  <millis>1767676802175</millis>
  <nanos>544200</nanos>
  <sequence>111</sequence>
  <level>END</level>
  <class>com.kms.katalon.core.logging.XmlKeywordLogger</class>
  <method>endKeyword</method>
  <thread>1</thread>
  <message>End action : click(findTestObject(&amp;quot;Object Repository/PAP-jana surat/Page_MBSP - Pemakluman Penglibatan Politik/a__mx-3 btn btn-sm d-flex align-items-cente_89f6a6&amp;quot;))</message>
  <nestedLevel>1</nestedLevel>
  <escapedJava>false</escapedJava>
</record>
<record>
  <date>2026-01-06T05:20:02.175544200Z</date>
  <millis>1767676802175</millis>
  <nanos>544200</nanos>
  <sequence>112</sequence>
  <level>START</level>
  <class>com.kms.katalon.core.logging.XmlKeywordLogger</class>
  <method>startKeyword</method>
  <thread>1</thread>
  <message>Start action : click(findTestObject(&amp;quot;Object Repository/PAP-jana surat/Page_MBSP - Pemakluman Penglibatan Politik/a_Muat Turun Surat Kelulusan_btn btn-outlin_f75eb4&amp;quot;))</message>
  <nestedLevel>1</nestedLevel>
  <escapedJava>false</escapedJava>
  <property name="startLine">36</property>
  <property name="stepIndex">9</property>
</record>
<record>
  <date>2026-01-06T05:20:12.571856600Z</date>
  <millis>1767676812571</millis>
  <nanos>856600</nanos>
  <sequence>122</sequence>
  <level>FAILED</level>
  <class>com.kms.katalon.core.logging.XmlKeywordLogger</class>
  <method>logMessage</method>
  <thread>1</thread>
  <message>Unable to click on object &amp;apos;Object Repository/PAP-jana surat/Page_MBSP - Pemakluman Penglibatan Politik/a_Muat Turun Surat Kelulusan_btn btn-outlin_f75eb4&amp;apos; (Root cause: com.kms.katalon.core.exception.StepFailedException: Unable to click on object &amp;apos;Object Repository/PAP-jana surat/Page_MBSP - Pemakluman Penglibatan Politik/a_Muat Turun Surat Kelulusan_btn btn-outlin_f75eb4&amp;apos;
	at com.kms.katalon.core.webui.keyword.internal.WebUIKeywordMain.stepFailed(WebUIKeywordMain.groovy:177)
	at com.kms.katalon.core.webui.keyword.internal.WebUIKeywordMain.runKeyword(WebUIKeywordMain.groovy:49)
	at com.kms.katalon.core.webui.keyword.internal.WebUIKeywordMain.runKeywordUntilTimeout(WebUIKeywordMain.groovy:133)
	at com.kms.katalon.core.webui.keyword.builtin.ClickKeyword.click(ClickKeyword.groovy:65)
	at com.kms.katalon.core.webui.keyword.builtin.ClickKeyword.execute(ClickKeyword.groovy:38)
	at com.kms.katalon.core.keyword.internal.KeywordExecutor.executeKeywordForPlatform(KeywordExecutor.groovy:89)
	at com.kms.katalon.core.webui.keyword.WebUiBuiltInKeywords.click(WebUiBuiltInKeywords.groovy:721)
	at jana surat.run(jana surat:36)
	at com.kms.katalon.core.main.ScriptEngine.run(ScriptEngine.java:194)
	at com.kms.katalon.core.main.ScriptEngine.runScriptAsRawText(ScriptEngine.java:119)
	at com.kms.katalon.core.main.TestCaseExecutor.runScript(TestCaseExecutor.java:486)
	at com.kms.katalon.core.main.TestCaseExecutor.doExecute(TestCaseExecutor.java:477)
	at com.kms.katalon.core.main.TestCaseExecutor.processExecutionPhase(TestCaseExecutor.java:456)
	at com.kms.katalon.core.main.TestCaseExecutor.accessMainPhase(TestCaseExecutor.java:448)
	at com.kms.katalon.core.main.TestCaseExecutor.execute(TestCaseExecutor.java:322)
	at com.kms.katalon.core.common.CommonExecutor.accessTestCaseMainPhase(CommonExecutor.java:71)
	at com.kms.katalon.core.main.TestSuiteExecutor.accessTestSuiteMainPhase(TestSuiteExecutor.java:145)
	at com.kms.katalon.core.main.TestSuiteExecutor.execute(TestSuiteExecutor.java:104)
	at com.kms.katalon.core.main.TestCaseMain.startTestSuite(TestCaseMain.java:205)
	at TempTestSuite1767676784487.run(TempTestSuite1767676784487.groovy:35)
	at java.base/jdk.internal.reflect.NativeMethodAccessorImpl.invoke0(Native Method)
	at java.base/jdk.internal.reflect.NativeMethodAccessorImpl.invoke(NativeMethodAccessorImpl.java:77)
	at java.base/jdk.internal.reflect.DelegatingMethodAccessorImpl.invoke(DelegatingMethodAccessorImpl.java:43)
Caused by: com.kms.katalon.core.webui.exception.WebElementNotFoundException: Web element with id: &amp;apos;Object Repository/PAP-jana surat/Page_MBSP - Pemakluman Penglibatan Politik/a_Muat Turun Surat Kelulusan_btn btn-outlin_f75eb4&amp;apos; located by &amp;apos;By.xpath: //div[@id=&amp;apos;view_modal_body&amp;apos;]/div/div/div[5]/div/a[2]&amp;apos; not found
	at com.kms.katalon.core.webui.model.WebUiElementFinder.findElementByNormalMethods(WebUiElementFinder.java:193)
	at com.kms.katalon.core.webui.model.WebUiElementFinder.findElementsBySelectedMethod(WebUiElementFinder.java:91)
	at com.kms.katalon.core.webui.model.WebUiElementFinder.findElementsBySelectedMethod(WebUiElementFinder.java:74)
	at com.kms.katalon.core.webui.model.WebUiElementFinder.findElementsBySelectedMethod(WebUiElementFinder.java:69)
	at com.kms.katalon.core.webui.model.WebUiElementFinder.findElement(WebUiElementFinder.java:43)
	at com.kms.katalon.core.webui.model.WebUiElementFinderWithTimeout.basicFindElement(WebUiElementFinderWithTimeout.java:50)
	at com.kms.katalon.core.webui.model.WebUiElementFinderWithTimeout.lambda$0(WebUiElementFinderWithTimeout.java:29)
	at com.kms.katalon.core.webui.model.SeleniumActionRetryController.performAction(SeleniumActionRetryController.java:96)
	at com.kms.katalon.core.webui.model.SeleniumActionRetryController.performAction(SeleniumActionRetryController.java:83)
	at com.kms.katalon.core.webui.model.WebUiElementFinderWithTimeout.findElement(WebUiElementFinderWithTimeout.java:28)
	at com.kms.katalon.core.webui.keyword.internal.WebUIAbstractKeyword.findWebElement(WebUIAbstractKeyword.groovy:96)
	at com.kms.katalon.core.webui.keyword.builtin.ClickKeyword$_click_closure1.doCall(ClickKeyword.groovy:52)
	at java.base/jdk.internal.reflect.NativeMethodAccessorImpl.invoke0(Native Method)
	at java.base/jdk.internal.reflect.NativeMethodAccessorImpl.invoke(NativeMethodAccessorImpl.java:77)
	at java.base/jdk.internal.reflect.DelegatingMethodAccessorImpl.invoke(DelegatingMethodAccessorImpl.java:43)
	at jdk.proxy2/jdk.proxy2.$Proxy46.execute(Unknown Source)
	at com.kms.katalon.core.webui.model.SeleniumActionRetryController.performAction(SeleniumActionRetryController.java:96)
	at com.kms.katalon.core.webui.model.SeleniumActionRetryController.performAction(SeleniumActionRetryController.java:83)
	at com.kms.katalon.core.webui.keyword.internal.WebUIKeywordMain$_runKeywordUntilTimeout_closure1.doCall(WebUIKeywordMain.groovy:135)
	at com.kms.katalon.core.webui.keyword.internal.WebUIKeywordMain$_runKeywordUntilTimeout_closure1.call(WebUIKeywordMain.groovy)
	at com.kms.katalon.core.webui.keyword.internal.WebUIKeywordMain.runKeyword(WebUIKeywordMain.groovy:41)
	at com.kms.katalon.core.webui.keyword.internal.WebUIKeywordMain.runKeywordUntilTimeout(WebUIKeywordMain.groovy:133)
	at com.kms.katalon.core.webui.keyword.builtin.ClickKeyword.click(ClickKeyword.groovy:65)
	at com.kms.katalon.core.webui.keyword.builtin.ClickKeyword.execute(ClickKeyword.groovy:38)
	at com.kms.katalon.core.keyword.internal.KeywordExecutor.executeKeywordForPlatform(KeywordExecutor.groovy:89)
	at com.kms.katalon.core.webui.keyword.WebUiBuiltInKeywords.click(WebUiBuiltInKeywords.groovy:721)
	at Script1767672887815.run(Script1767672887815.groovy:36)
	... 15 more
)</message>
  <nestedLevel>1</nestedLevel>
  <escapedJava>false</escapedJava>
  <property name="failed.exception.class">com.kms.katalon.core.webui.exception.WebElementNotFoundException</property>
  <property name="attachment">1767676812384.png</property>
  <property name="failed.exception.stacktrace">com.kms.katalon.core.webui.exception.WebElementNotFoundException: Web element with id: &apos;Object Repository/PAP-jana surat/Page_MBSP - Pemakluman Penglibatan Politik/a_Muat Turun Surat Kelulusan_btn btn-outlin_f75eb4&apos; located by &apos;By.xpath: //div[@id=&apos;view_modal_body&apos;]/div/div/div[5]/div/a[2]&apos; not found
	at com.kms.katalon.core.webui.model.WebUiElementFinder.findElementByNormalMethods(WebUiElementFinder.java:193)
	at com.kms.katalon.core.webui.model.WebUiElementFinder.findElementsBySelectedMethod(WebUiElementFinder.java:91)
	at com.kms.katalon.core.webui.model.WebUiElementFinder.findElementsBySelectedMethod(WebUiElementFinder.java:74)
	at com.kms.katalon.core.webui.model.WebUiElementFinder.findElementsBySelectedMethod(WebUiElementFinder.java:69)
	at com.kms.katalon.core.webui.model.WebUiElementFinder.findElement(WebUiElementFinder.java:43)
	at com.kms.katalon.core.webui.model.WebUiElementFinderWithTimeout.basicFindElement(WebUiElementFinderWithTimeout.java:50)
	at com.kms.katalon.core.webui.model.WebUiElementFinderWithTimeout.lambda$0(WebUiElementFinderWithTimeout.java:29)
	at com.kms.katalon.core.webui.model.SeleniumActionRetryController.performAction(SeleniumActionRetryController.java:96)
	at com.kms.katalon.core.webui.model.SeleniumActionRetryController.performAction(SeleniumActionRetryController.java:83)
	at com.kms.katalon.core.webui.model.WebUiElementFinderWithTimeout.findElement(WebUiElementFinderWithTimeout.java:28)
	at com.kms.katalon.core.webui.keyword.internal.WebUIAbstractKeyword.findWebElement(WebUIAbstractKeyword.groovy:96)
	at com.kms.katalon.core.webui.keyword.builtin.ClickKeyword$_click_closure1.doCall(ClickKeyword.groovy:52)
	at java.base/jdk.internal.reflect.NativeMethodAccessorImpl.invoke0(Native Method)
	at java.base/jdk.internal.reflect.NativeMethodAccessorImpl.invoke(NativeMethodAccessorImpl.java:77)
	at java.base/jdk.internal.reflect.DelegatingMethodAccessorImpl.invoke(DelegatingMethodAccessorImpl.java:43)
	at jdk.proxy2/jdk.proxy2.$Proxy46.execute(Unknown Source)
	at com.kms.katalon.core.webui.model.SeleniumActionRetryController.performAction(SeleniumActionRetryController.java:96)
	at com.kms.katalon.core.webui.model.SeleniumActionRetryController.performAction(SeleniumActionRetryController.java:83)
	at com.kms.katalon.core.webui.keyword.internal.WebUIKeywordMain$_runKeywordUntilTimeout_closure1.doCall(WebUIKeywordMain.groovy:135)
	at com.kms.katalon.core.webui.keyword.internal.WebUIKeywordMain$_runKeywordUntilTimeout_closure1.call(WebUIKeywordMain.groovy)
	at com.kms.katalon.core.webui.keyword.internal.WebUIKeywordMain.runKeyword(WebUIKeywordMain.groovy:41)
	at com.kms.katalon.core.webui.keyword.internal.WebUIKeywordMain.runKeywordUntilTimeout(WebUIKeywordMain.groovy:133)
	at com.kms.katalon.core.webui.keyword.builtin.ClickKeyword.click(ClickKeyword.groovy:65)
	at com.kms.katalon.core.webui.keyword.builtin.ClickKeyword.execute(ClickKeyword.groovy:38)
	at com.kms.katalon.core.keyword.internal.KeywordExecutor.executeKeywordForPlatform(KeywordExecutor.groovy:89)
	at com.kms.katalon.core.webui.keyword.WebUiBuiltInKeywords.click(WebUiBuiltInKeywords.groovy:721)
	at jana surat.run(jana surat:36)
	at com.kms.katalon.core.main.ScriptEngine.run(ScriptEngine.java:194)
	at com.kms.katalon.core.main.ScriptEngine.runScriptAsRawText(ScriptEngine.java:119)
	at com.kms.katalon.core.main.TestCaseExecutor.runScript(TestCaseExecutor.java:486)
	at com.kms.katalon.core.main.TestCaseExecutor.doExecute(TestCaseExecutor.java:477)
	at com.kms.katalon.core.main.TestCaseExecutor.processExecutionPhase(TestCaseExecutor.java:456)
	at com.kms.katalon.core.main.TestCaseExecutor.accessMainPhase(TestCaseExecutor.java:448)
	at com.kms.katalon.core.main.TestCaseExecutor.execute(TestCaseExecutor.java:322)
	at com.kms.katalon.core.common.CommonExecutor.accessTestCaseMainPhase(CommonExecutor.java:71)
	at com.kms.katalon.core.main.TestSuiteExecutor.accessTestSuiteMainPhase(TestSuiteExecutor.java:145)
	at com.kms.katalon.core.main.TestSuiteExecutor.execute(TestSuiteExecutor.java:104)
	at com.kms.katalon.core.main.TestCaseMain.startTestSuite(TestCaseMain.java:205)
	at TempTestSuite1767676784487.run(TempTestSuite1767676784487.groovy:35)
	at java.base/jdk.internal.reflect.NativeMethodAccessorImpl.invoke0(Native Method)
	at java.base/jdk.internal.reflect.NativeMethodAccessorImpl.invoke(NativeMethodAccessorImpl.java:77)
	at java.base/jdk.internal.reflect.DelegatingMethodAccessorImpl.invoke(DelegatingMethodAccessorImpl.java:43)
</property>
  <property name="failed.exception.message">Web element with id: &apos;Object Repository/PAP-jana surat/Page_MBSP - Pemakluman Penglibatan Politik/a_Muat Turun Surat Kelulusan_btn btn-outlin_f75eb4&apos; located by &apos;By.xpath: //div[@id=&apos;view_modal_body&apos;]/div/div/div[5]/div/a[2]&apos; not found</property>
</record>
<record>
  <date>2026-01-06T05:20:12.571856600Z</date>
  <millis>1767676812571</millis>
  <nanos>856600</nanos>
  <sequence>125</sequence>
  <level>END</level>
  <class>com.kms.katalon.core.logging.XmlKeywordLogger</class>
  <method>endKeyword</method>
  <thread>1</thread>
  <message>End action : click(findTestObject(&amp;quot;Object Repository/PAP-jana surat/Page_MBSP - Pemakluman Penglibatan Politik/a_Muat Turun Surat Kelulusan_btn btn-outlin_f75eb4&amp;quot;))</message>
  <nestedLevel>1</nestedLevel>
  <escapedJava>false</escapedJava>
</record>
<record>
  <date>2026-01-06T05:20:12.571856600Z</date>
  <millis>1767676812571</millis>
  <nanos>856600</nanos>
  <sequence>128</sequence>
  <level>FAILED</level>
  <class>com.kms.katalon.core.logging.XmlKeywordLogger</class>
  <method>logMessage</method>
  <thread>1</thread>
  <message>Test Cases/Permohonan Aktiviti Politik/jana surat FAILED.
Reason:
com.kms.katalon.core.exception.StepFailedException: Unable to click on object &amp;apos;Object Repository/PAP-jana surat/Page_MBSP - Pemakluman Penglibatan Politik/a_Muat Turun Surat Kelulusan_btn btn-outlin_f75eb4&amp;apos;
	at com.kms.katalon.core.webui.keyword.internal.WebUIKeywordMain.stepFailed(WebUIKeywordMain.groovy:177)
	at com.kms.katalon.core.webui.keyword.internal.WebUIKeywordMain.runKeyword(WebUIKeywordMain.groovy:49)
	at com.kms.katalon.core.webui.keyword.internal.WebUIKeywordMain.runKeywordUntilTimeout(WebUIKeywordMain.groovy:133)
	at com.kms.katalon.core.webui.keyword.builtin.ClickKeyword.click(ClickKeyword.groovy:65)
	at com.kms.katalon.core.webui.keyword.builtin.ClickKeyword.execute(ClickKeyword.groovy:38)
	at com.kms.katalon.core.keyword.internal.KeywordExecutor.executeKeywordForPlatform(KeywordExecutor.groovy:89)
	at com.kms.katalon.core.webui.keyword.WebUiBuiltInKeywords.click(WebUiBuiltInKeywords.groovy:721)
	at jana surat.run(jana surat:36)
	at com.kms.katalon.core.main.ScriptEngine.run(ScriptEngine.java:194)
	at com.kms.katalon.core.main.ScriptEngine.runScriptAsRawText(ScriptEngine.java:119)
	at com.kms.katalon.core.main.TestCaseExecutor.runScript(TestCaseExecutor.java:486)
	at com.kms.katalon.core.main.TestCaseExecutor.doExecute(TestCaseExecutor.java:477)
	at com.kms.katalon.core.main.TestCaseExecutor.processExecutionPhase(TestCaseExecutor.java:456)
	at com.kms.katalon.core.main.TestCaseExecutor.accessMainPhase(TestCaseExecutor.java:448)
	at com.kms.katalon.core.main.TestCaseExecutor.execute(TestCaseExecutor.java:322)
	at com.kms.katalon.core.common.CommonExecutor.accessTestCaseMainPhase(CommonExecutor.java:71)
	at com.kms.katalon.core.main.TestSuiteExecutor.accessTestSuiteMainPhase(TestSuiteExecutor.java:145)
	at com.kms.katalon.core.main.TestSuiteExecutor.execute(TestSuiteExecutor.java:104)
	at com.kms.katalon.core.main.TestCaseMain.startTestSuite(TestCaseMain.java:205)
	at TempTestSuite1767676784487.run(TempTestSuite1767676784487.groovy:35)
	at java.base/jdk.internal.reflect.NativeMethodAccessorImpl.invoke0(Native Method)
	at java.base/jdk.internal.reflect.NativeMethodAccessorImpl.invoke(NativeMethodAccessorImpl.java:77)
	at java.base/jdk.internal.reflect.DelegatingMethodAccessorImpl.invoke(DelegatingMethodAccessorImpl.java:43)
Caused by: com.kms.katalon.core.webui.exception.WebElementNotFoundException: Web element with id: &amp;apos;Object Repository/PAP-jana surat/Page_MBSP - Pemakluman Penglibatan Politik/a_Muat Turun Surat Kelulusan_btn btn-outlin_f75eb4&amp;apos; located by &amp;apos;By.xpath: //div[@id=&amp;apos;view_modal_body&amp;apos;]/div/div/div[5]/div/a[2]&amp;apos; not found
	at com.kms.katalon.core.webui.model.WebUiElementFinder.findElementByNormalMethods(WebUiElementFinder.java:193)
	at com.kms.katalon.core.webui.model.WebUiElementFinder.findElementsBySelectedMethod(WebUiElementFinder.java:91)
	at com.kms.katalon.core.webui.model.WebUiElementFinder.findElementsBySelectedMethod(WebUiElementFinder.java:74)
	at com.kms.katalon.core.webui.model.WebUiElementFinder.findElementsBySelectedMethod(WebUiElementFinder.java:69)
	at com.kms.katalon.core.webui.model.WebUiElementFinder.findElement(WebUiElementFinder.java:43)
	at com.kms.katalon.core.webui.model.WebUiElementFinderWithTimeout.basicFindElement(WebUiElementFinderWithTimeout.java:50)
	at com.kms.katalon.core.webui.model.WebUiElementFinderWithTimeout.lambda$0(WebUiElementFinderWithTimeout.java:29)
	at com.kms.katalon.core.webui.model.SeleniumActionRetryController.performAction(SeleniumActionRetryController.java:96)
	at com.kms.katalon.core.webui.model.SeleniumActionRetryController.performAction(SeleniumActionRetryController.java:83)
	at com.kms.katalon.core.webui.model.WebUiElementFinderWithTimeout.findElement(WebUiElementFinderWithTimeout.java:28)
	at com.kms.katalon.core.webui.keyword.internal.WebUIAbstractKeyword.findWebElement(WebUIAbstractKeyword.groovy:96)
	at com.kms.katalon.core.webui.keyword.builtin.ClickKeyword$_click_closure1.doCall(ClickKeyword.groovy:52)
	at java.base/jdk.internal.reflect.NativeMethodAccessorImpl.invoke0(Native Method)
	at java.base/jdk.internal.reflect.NativeMethodAccessorImpl.invoke(NativeMethodAccessorImpl.java:77)
	at java.base/jdk.internal.reflect.DelegatingMethodAccessorImpl.invoke(DelegatingMethodAccessorImpl.java:43)
	at jdk.proxy2/jdk.proxy2.$Proxy46.execute(Unknown Source)
	at com.kms.katalon.core.webui.model.SeleniumActionRetryController.performAction(SeleniumActionRetryController.java:96)
	at com.kms.katalon.core.webui.model.SeleniumActionRetryController.performAction(SeleniumActionRetryController.java:83)
	at com.kms.katalon.core.webui.keyword.internal.WebUIKeywordMain$_runKeywordUntilTimeout_closure1.doCall(WebUIKeywordMain.groovy:135)
	at com.kms.katalon.core.webui.keyword.internal.WebUIKeywordMain$_runKeywordUntilTimeout_closure1.call(WebUIKeywordMain.groovy)
	at com.kms.katalon.core.webui.keyword.internal.WebUIKeywordMain.runKeyword(WebUIKeywordMain.groovy:41)
	... 21 more
</message>
  <exception>
    <message>com.kms.katalon.core.exception.StepFailedException: Unable to click on object 'Object Repository/PAP-jana surat/Page_MBSP - Pemakluman Penglibatan Politik/a_Muat Turun Surat Kelulusan_btn btn-outlin_f75eb4'</message>
    <frame>
      <class>com.kms.katalon.core.logging.XmlKeywordLogger</class>
      <method>logMessage</method>
      <line>512</line>
    </frame>
    <frame>
      <class>com.kms.katalon.core.logging.KeywordLogger</class>
      <method>logMessage</method>
      <line>447</line>
    </frame>
    <frame>
      <class>com.kms.katalon.core.main.TestCaseExecutor</class>
      <method>logError</method>
      <line>595</line>
    </frame>
    <frame>
      <class>com.kms.katalon.core.main.TestCaseExecutor</class>
      <method>onExecutionError</method>
      <line>187</line>
    </frame>
    <frame>
      <class>com.kms.katalon.core.main.TestCaseExecutor</class>
      <method>processExecutionPhase</method>
      <line>466</line>
    </frame>
    <frame>
      <class>com.kms.katalon.core.main.TestCaseExecutor</class>
      <method>accessMainPhase</method>
      <line>448</line>
    </frame>
    <frame>
      <class>com.kms.katalon.core.main.TestCaseExecutor</class>
      <method>execute</method>
      <line>322</line>
    </frame>
    <frame>
      <class>com.kms.katalon.core.common.CommonExecutor</class>
      <method>accessTestCaseMainPhase</method>
      <line>71</line>
    </frame>
    <frame>
      <class>com.kms.katalon.core.main.TestSuiteExecutor</class>
      <method>accessTestSuiteMainPhase</method>
      <line>145</line>
    </frame>
    <frame>
      <class>com.kms.katalon.core.main.TestSuiteExecutor</class>
      <method>execute</method>
      <line>104</line>
    </frame>
    <frame>
      <class>com.kms.katalon.core.main.TestCaseMain</class>
      <method>startTestSuite</method>
      <line>205</line>
    </frame>
    <frame>
      <class>org.codehaus.groovy.vmplugin.v8.IndyInterface</class>
      <method>fromCache</method>
      <line>318</line>
    </frame>
    <frame>
      <class>TempTestSuite1767676784487</class>
      <method>run</method>
      <line>35</line>
    </frame>
    <frame>
      <class>groovy.lang.GroovyShell</class>
      <method>runScriptOrMainOrTestOrRunnable</method>
      <line>254</line>
    </frame>
    <frame>
      <class>groovy.lang.GroovyShell</class>
      <method>run</method>
      <line>360</line>
    </frame>
    <frame>
      <class>groovy.lang.GroovyShell</class>
      <method>run</method>
      <line>349</line>
    </frame>
    <frame>
      <class>groovy.ui.GroovyMain</class>
      <method>processOnce</method>
      <line>652</line>
    </frame>
    <frame>
      <class>groovy.ui.GroovyMain</class>
      <method>run</method>
      <line>398</line>
    </frame>
    <frame>
      <class>groovy.ui.GroovyMain</class>
      <method>access$1400</method>
      <line>68</line>
    </frame>
    <frame>
      <class>groovy.ui.GroovyMain$GroovyCommand</class>
      <method>process</method>
      <line>322</line>
    </frame>
    <frame>
      <class>groovy.ui.GroovyMain</class>
      <method>processArgs</method>
      <line>142</line>
    </frame>
    <frame>
      <class>groovy.ui.GroovyMain</class>
      <method>main</method>
      <line>115</line>
    </frame>
    <frame>
      <class>jdk.internal.reflect.NativeMethodAccessorImpl</class>
      <method>invoke0</method>
    </frame>
    <frame>
      <class>jdk.internal.reflect.NativeMethodAccessorImpl</class>
      <method>invoke</method>
      <line>77</line>
    </frame>
    <frame>
      <class>jdk.internal.reflect.DelegatingMethodAccessorImpl</class>
      <method>invoke</method>
      <line>43</line>
    </frame>
    <frame>
      <class>java.lang.reflect.Method</class>
      <method>invoke</method>
      <line>569</line>
    </frame>
    <frame>
      <class>org.codehaus.groovy.tools.GroovyStarter</class>
      <method>rootLoader</method>
      <line>117</line>
    </frame>
    <frame>
      <class>org.codehaus.groovy.tools.GroovyStarter</class>
      <method>main</method>
      <line>39</line>
    </frame>
  </exception>
  <nestedLevel>0</nestedLevel>
  <escapedJava>false</escapedJava>
  <property name="failed.exception.stacktrace">com.kms.katalon.core.webui.exception.WebElementNotFoundException: Web element with id: &apos;Object Repository/PAP-jana surat/Page_MBSP - Pemakluman Penglibatan Politik/a_Muat Turun Surat Kelulusan_btn btn-outlin_f75eb4&apos; located by &apos;By.xpath: //div[@id=&apos;view_modal_body&apos;]/div/div/div[5]/div/a[2]&apos; not found
	at com.kms.katalon.core.webui.model.WebUiElementFinder.findElementByNormalMethods(WebUiElementFinder.java:193)
	at com.kms.katalon.core.webui.model.WebUiElementFinder.findElementsBySelectedMethod(WebUiElementFinder.java:91)
	at com.kms.katalon.core.webui.model.WebUiElementFinder.findElementsBySelectedMethod(WebUiElementFinder.java:74)
	at com.kms.katalon.core.webui.model.WebUiElementFinder.findElementsBySelectedMethod(WebUiElementFinder.java:69)
	at com.kms.katalon.core.webui.model.WebUiElementFinder.findElement(WebUiElementFinder.java:43)
	at com.kms.katalon.core.webui.model.WebUiElementFinderWithTimeout.basicFindElement(WebUiElementFinderWithTimeout.java:50)
	at com.kms.katalon.core.webui.model.WebUiElementFinderWithTimeout.lambda$0(WebUiElementFinderWithTimeout.java:29)
	at com.kms.katalon.core.webui.model.SeleniumActionRetryController.performAction(SeleniumActionRetryController.java:96)
	at com.kms.katalon.core.webui.model.SeleniumActionRetryController.performAction(SeleniumActionRetryController.java:83)
	at com.kms.katalon.core.webui.model.WebUiElementFinderWithTimeout.findElement(WebUiElementFinderWithTimeout.java:28)
	at com.kms.katalon.core.webui.keyword.internal.WebUIAbstractKeyword.findWebElement(WebUIAbstractKeyword.groovy:96)
	at com.kms.katalon.core.webui.keyword.builtin.ClickKeyword$_click_closure1.doCall(ClickKeyword.groovy:52)
	at java.base/jdk.internal.reflect.NativeMethodAccessorImpl.invoke0(Native Method)
	at java.base/jdk.internal.reflect.NativeMethodAccessorImpl.invoke(NativeMethodAccessorImpl.java:77)
	at java.base/jdk.internal.reflect.DelegatingMethodAccessorImpl.invoke(DelegatingMethodAccessorImpl.java:43)
	at jdk.proxy2/jdk.proxy2.$Proxy46.execute(Unknown Source)
	at com.kms.katalon.core.webui.model.SeleniumActionRetryController.performAction(SeleniumActionRetryController.java:96)
	at com.kms.katalon.core.webui.model.SeleniumActionRetryController.performAction(SeleniumActionRetryController.java:83)
	at com.kms.katalon.core.webui.keyword.internal.WebUIKeywordMain$_runKeywordUntilTimeout_closure1.doCall(WebUIKeywordMain.groovy:135)
	at com.kms.katalon.core.webui.keyword.internal.WebUIKeywordMain$_runKeywordUntilTimeout_closure1.call(WebUIKeywordMain.groovy)
	at com.kms.katalon.core.webui.keyword.internal.WebUIKeywordMain.runKeyword(WebUIKeywordMain.groovy:41)
	at com.kms.katalon.core.webui.keyword.internal.WebUIKeywordMain.runKeywordUntilTimeout(WebUIKeywordMain.groovy:133)
	at com.kms.katalon.core.webui.keyword.builtin.ClickKeyword.click(ClickKeyword.groovy:65)
	at com.kms.katalon.core.webui.keyword.builtin.ClickKeyword.execute(ClickKeyword.groovy:38)
	at com.kms.katalon.core.keyword.internal.KeywordExecutor.executeKeywordForPlatform(KeywordExecutor.groovy:89)
	at com.kms.katalon.core.webui.keyword.WebUiBuiltInKeywords.click(WebUiBuiltInKeywords.groovy:721)
	at jana surat.run(jana surat:36)
	at com.kms.katalon.core.main.ScriptEngine.run(ScriptEngine.java:194)
	at com.kms.katalon.core.main.ScriptEngine.runScriptAsRawText(ScriptEngine.java:119)
	at com.kms.katalon.core.main.TestCaseExecutor.runScript(TestCaseExecutor.java:486)
	at com.kms.katalon.core.main.TestCaseExecutor.doExecute(TestCaseExecutor.java:477)
	at com.kms.katalon.core.main.TestCaseExecutor.processExecutionPhase(TestCaseExecutor.java:456)
	at com.kms.katalon.core.main.TestCaseExecutor.accessMainPhase(TestCaseExecutor.java:448)
	at com.kms.katalon.core.main.TestCaseExecutor.execute(TestCaseExecutor.java:322)
	at com.kms.katalon.core.common.CommonExecutor.accessTestCaseMainPhase(CommonExecutor.java:71)
	at com.kms.katalon.core.main.TestSuiteExecutor.accessTestSuiteMainPhase(TestSuiteExecutor.java:145)
	at com.kms.katalon.core.main.TestSuiteExecutor.execute(TestSuiteExecutor.java:104)
	at com.kms.katalon.core.main.TestCaseMain.startTestSuite(TestCaseMain.java:205)
	at TempTestSuite1767676784487.run(TempTestSuite1767676784487.groovy:35)
	at java.base/jdk.internal.reflect.NativeMethodAccessorImpl.invoke0(Native Method)
	at java.base/jdk.internal.reflect.NativeMethodAccessorImpl.invoke(NativeMethodAccessorImpl.java:77)
	at java.base/jdk.internal.reflect.DelegatingMethodAccessorImpl.invoke(DelegatingMethodAccessorImpl.java:43)
</property>
  <property name="failed.exception.class">com.kms.katalon.core.webui.exception.WebElementNotFoundException</property>
  <property name="failed.exception.message">Web element with id: &apos;Object Repository/PAP-jana surat/Page_MBSP - Pemakluman Penglibatan Politik/a_Muat Turun Surat Kelulusan_btn btn-outlin_f75eb4&apos; located by &apos;By.xpath: //div[@id=&apos;view_modal_body&apos;]/div/div/div[5]/div/a[2]&apos; not found</property>
</record>
<record>
  <date>2026-01-06T05:20:12.584339300Z</date>
  <millis>1767676812584</millis>
  <nanos>339300</nanos>
  <sequence>130</sequence>
  <level>END</level>
  <class>com.kms.katalon.core.logging.XmlKeywordLogger</class>
  <method>endTest</method>
  <thread>1</thread>
  <message>End Test Case : Test Cases/Permohonan Aktiviti Politik/jana surat</message>
  <nestedLevel>0</nestedLevel>
  <escapedJava>false</escapedJava>
  <property name="executionBindingVariables">[]</property>
  <property name="applitools">false</property>
  <property name="keywordsUsage">{
  &quot;web_ui&quot;: true,
  &quot;web_service&quot;: false,
  &quot;cucumber&quot;: false,
  &quot;builtin&quot;: false,
  &quot;mobile&quot;: false,
  &quot;windows&quot;: false,
  &quot;testng&quot;: false
}</property>
</record>
<record>
  <date>2026-01-06T05:20:12.584339300Z</date>
  <millis>1767676812584</millis>
  <nanos>339300</nanos>
  <sequence>131</sequence>
  <level>START</level>
  <class>com.kms.katalon.core.logging.XmlKeywordLogger</class>
  <method>startTest</method>
  <thread>1</thread>
  <message>Start Test Case : Test Cases/Permohonan Aktiviti Politik/staff-approval stage (kj reject)</message>
  <nestedLevel>1</nestedLevel>
  <escapedJava>false</escapedJava>
  <property name="origin"></property>
  <property name="name">Test Cases/Permohonan Aktiviti Politik/staff-approval stage (kj reject)</property>
  <property name="description"></property>
  <property name="iteration"></property>
  <property name="id">Test Cases/Permohonan Aktiviti Politik/staff-approval stage (kj reject)</property>
  <property name="source">C:\Users\bellaa\OneDrive\Desktop\Automation-Testing-MBSP\Automation-Testing-MBSP\Test Cases\Permohonan Aktiviti Politik\staff-approval stage (kj reject).tc</property>
  <property name="tag"></property>
  <property name="isOptional">false</property>
</record>
<record>
  <date>2026-01-06T05:20:12.737790500Z</date>
  <millis>1767676812737</millis>
  <nanos>790500</nanos>
  <sequence>133</sequence>
  <level>START</level>
  <class>com.kms.katalon.core.logging.XmlKeywordLogger</class>
  <method>startKeyword</method>
  <thread>1</thread>
  <message>Start action : openBrowser(&amp;quot;&amp;quot;)</message>
  <nestedLevel>1</nestedLevel>
  <escapedJava>false</escapedJava>
  <property name="startLine">20</property>
  <property name="stepIndex">1</property>
</record>
<record>
  <date>2026-01-06T05:20:12.740246400Z</date>
  <millis>1767676812740</millis>
  <nanos>246400</nanos>
  <sequence>136</sequence>
  <level>WARNING</level>
  <class>com.kms.katalon.core.logging.XmlKeywordLogger</class>
  <method>logMessage</method>
  <thread>1</thread>
  <message>A browser is already opened. Closing browser and opening a new one</message>
  <nestedLevel>1</nestedLevel>
  <escapedJava>false</escapedJava>
</record>
<record>
  <date>2026-01-06T05:20:12.990102300Z</date>
  <millis>1767676812990</millis>
  <nanos>102300</nanos>
  <sequence>137</sequence>
  <level>INFO</level>
  <class>com.kms.katalon.core.logging.XmlKeywordLogger</class>
  <method>logMessage</method>
  <thread>1</thread>
  <message>Starting &amp;apos;Chrome&amp;apos; driver</message>
  <nestedLevel>1</nestedLevel>
  <escapedJava>false</escapedJava>
</record>
<record>
  <date>2026-01-06T05:20:12.991105900Z</date>
  <millis>1767676812991</millis>
  <nanos>105900</nanos>
  <sequence>138</sequence>
  <level>INFO</level>
  <class>com.kms.katalon.core.logging.XmlKeywordLogger</class>
  <method>logMessage</method>
  <thread>1</thread>
  <message>Action delay is set to 0 milliseconds</message>
  <nestedLevel>1</nestedLevel>
  <escapedJava>false</escapedJava>
</record>
<record>
  <date>2026-01-06T05:20:14.181936800Z</date>
  <millis>1767676814181</millis>
  <nanos>936800</nanos>
  <sequence>141</sequence>
  <level>RUN_DATA</level>
  <class>com.kms.katalon.core.logging.XmlKeywordLogger</class>
  <method>logMessage</method>
  <thread>1</thread>
  <message>sessionId = 8b4a047f6c14b17cb5069a6e0633d2d9</message>
  <nestedLevel>1</nestedLevel>
  <escapedJava>false</escapedJava>
  <property name="sessionId">8b4a047f6c14b17cb5069a6e0633d2d9</property>
</record>
<record>
  <date>2026-01-06T05:20:14.198278800Z</date>
  <millis>1767676814198</millis>
  <nanos>278800</nanos>
  <sequence>142</sequence>
  <level>RUN_DATA</level>
  <class>com.kms.katalon.core.logging.XmlKeywordLogger</class>
  <method>logMessage</method>
  <thread>1</thread>
  <message>browser = Chrome 143.0.7499.170</message>
  <nestedLevel>1</nestedLevel>
  <escapedJava>false</escapedJava>
  <property name="browser">Chrome 143.0.7499.170</property>
</record>
<record>
  <date>2026-01-06T05:20:14.198278800Z</date>
  <millis>1767676814198</millis>
  <nanos>278800</nanos>
  <sequence>143</sequence>
  <level>RUN_DATA</level>
  <class>com.kms.katalon.core.logging.XmlKeywordLogger</class>
  <method>logMessage</method>
  <thread>1</thread>
  <message>platform = Windows 11</message>
  <nestedLevel>1</nestedLevel>
  <escapedJava>false</escapedJava>
  <property name="platform">Windows 11</property>
</record>
<record>
  <date>2026-01-06T05:20:14.199285800Z</date>
  <millis>1767676814199</millis>
  <nanos>285800</nanos>
  <sequence>144</sequence>
  <level>RUN_DATA</level>
  <class>com.kms.katalon.core.logging.XmlKeywordLogger</class>
  <method>logMessage</method>
  <thread>1</thread>
  <message>seleniumVersion = 4.34.0</message>
  <nestedLevel>1</nestedLevel>
  <escapedJava>false</escapedJava>
  <property name="seleniumVersion">4.34.0</property>
</record>
<record>
  <date>2026-01-06T05:20:14.201288300Z</date>
  <millis>1767676814201</millis>
  <nanos>288300</nanos>
  <sequence>145</sequence>
  <level>RUN_DATA</level>
  <class>com.kms.katalon.core.logging.XmlKeywordLogger</class>
  <method>logMessage</method>
  <thread>1</thread>
  <message>proxyInformation = ProxyInformation { proxyOption=NO_PROXY, proxyServerType=HTTP, username=, password=********, proxyServerAddress=, proxyServerPort=0, executionList=&amp;quot;&amp;quot;, isApplyToDesiredCapabilities=true }</message>
  <nestedLevel>1</nestedLevel>
  <escapedJava>false</escapedJava>
  <property name="proxyInformation">ProxyInformation { proxyOption=NO_PROXY, proxyServerType=HTTP, username=, password=********, proxyServerAddress=, proxyServerPort=0, executionList=&quot;&quot;, isApplyToDesiredCapabilities=true }</property>
</record>
<record>
  <date>2026-01-06T05:20:14.218788Z</date>
  <millis>1767676814218</millis>
  <nanos>788000</nanos>
  <sequence>146</sequence>
  <level>PASSED</level>
  <class>com.kms.katalon.core.logging.XmlKeywordLogger</class>
  <method>logMessage</method>
  <thread>1</thread>
  <message>Browser is opened with url: &amp;apos;&amp;apos;</message>
  <nestedLevel>1</nestedLevel>
  <escapedJava>false</escapedJava>
  <property name="testops-method-name">com.kms.katalon.core.webui.keyword.builtin.OpenBrowserKeyword.openBrowser</property>
  <property name="testops-execution-stacktrace"></property>
</record>
<record>
  <date>2026-01-06T05:20:14.233478200Z</date>
  <millis>1767676814233</millis>
  <nanos>478200</nanos>
  <sequence>147</sequence>
  <level>END</level>
  <class>com.kms.katalon.core.logging.XmlKeywordLogger</class>
  <method>endKeyword</method>
  <thread>1</thread>
  <message>End action : openBrowser(&amp;quot;&amp;quot;)</message>
  <nestedLevel>1</nestedLevel>
  <escapedJava>false</escapedJava>
</record>
<record>
  <date>2026-01-06T05:20:14.234477600Z</date>
  <millis>1767676814234</millis>
  <nanos>477600</nanos>
  <sequence>148</sequence>
  <level>START</level>
  <class>com.kms.katalon.core.logging.XmlKeywordLogger</class>
  <method>startKeyword</method>
  <thread>1</thread>
  <message>Start action : navigateToUrl(&amp;quot;https://mbsphr-dev.veecotech.com.my/internal-login-hr&amp;quot;)</message>
  <nestedLevel>1</nestedLevel>
  <escapedJava>false</escapedJava>
  <property name="startLine">22</property>
  <property name="stepIndex">2</property>
</record>
<record>
  <date>2026-01-06T05:20:15.674940200Z</date>
  <millis>1767676815674</millis>
  <nanos>940200</nanos>
  <sequence>152</sequence>
  <level>PASSED</level>
  <class>com.kms.katalon.core.logging.XmlKeywordLogger</class>
  <method>logMessage</method>
  <thread>1</thread>
  <message>Navigate to &amp;apos;https://mbsphr-dev.veecotech.com.my/internal-login-hr&amp;apos; successfully</message>
  <nestedLevel>1</nestedLevel>
  <escapedJava>false</escapedJava>
  <property name="testops-method-name">com.kms.katalon.core.webui.keyword.builtin.NavigateToUrlKeyword.navigateToUrl</property>
  <property name="testops-execution-stacktrace"></property>
</record>
<record>
  <date>2026-01-06T05:20:15.676934500Z</date>
  <millis>1767676815676</millis>
  <nanos>934500</nanos>
  <sequence>153</sequence>
  <level>END</level>
  <class>com.kms.katalon.core.logging.XmlKeywordLogger</class>
  <method>endKeyword</method>
  <thread>1</thread>
  <message>End action : navigateToUrl(&amp;quot;https://mbsphr-dev.veecotech.com.my/internal-login-hr&amp;quot;)</message>
  <nestedLevel>1</nestedLevel>
  <escapedJava>false</escapedJava>
</record>
<record>
  <date>2026-01-06T05:20:15.676934500Z</date>
  <millis>1767676815676</millis>
  <nanos>934500</nanos>
  <sequence>154</sequence>
  <level>START</level>
  <class>com.kms.katalon.core.logging.XmlKeywordLogger</class>
  <method>startKeyword</method>
  <thread>1</thread>
  <message>Start action : setText(findTestObject(&amp;quot;Object Repository/PAP-ALL (KJ REJECT)/Page_MBSP - Log Masuk/input__no_ktgn&amp;quot;), &amp;quot;11111&amp;quot;)</message>
  <nestedLevel>1</nestedLevel>
  <escapedJava>false</escapedJava>
  <property name="startLine">24</property>
  <property name="stepIndex">3</property>
</record>
<record>
  <date>2026-01-06T05:20:16.467062500Z</date>
  <millis>1767676816467</millis>
  <nanos>62500</nanos>
  <sequence>168</sequence>
  <level>PASSED</level>
  <class>com.kms.katalon.core.logging.XmlKeywordLogger</class>
  <method>logMessage</method>
  <thread>1</thread>
  <message>Text &amp;apos;11111&amp;apos; is set on object &amp;apos;Object Repository/PAP-ALL (KJ REJECT)/Page_MBSP - Log Masuk/input__no_ktgn&amp;apos;</message>
  <nestedLevel>1</nestedLevel>
  <escapedJava>false</escapedJava>
  <property name="testops-method-name">com.kms.katalon.core.webui.keyword.internal.WebUIKeywordMain.runKeywordUntilTimeout</property>
  <property name="testops-execution-stacktrace">com.kms.katalon.core.logging.KeywordLogger.logPassed(KeywordLogger.java:332)
com.kms.katalon.core.logging.KeywordLogger.logPassed(KeywordLogger.java:327)
com.kms.katalon.core.webui.keyword.builtin.SetTextKeyword$_setText_closure1.doCall(SetTextKeyword.groovy:99)
java.base/jdk.internal.reflect.NativeMethodAccessorImpl.invoke0(Native Method)
java.base/jdk.internal.reflect.NativeMethodAccessorImpl.invoke(NativeMethodAccessorImpl.java:77)
java.base/jdk.internal.reflect.DelegatingMethodAccessorImpl.invoke(DelegatingMethodAccessorImpl.java:43)
jdk.proxy2/jdk.proxy2.$Proxy46.execute(Unknown Source)
com.kms.katalon.core.webui.model.SeleniumActionRetryController.performAction(SeleniumActionRetryController.java:96)
com.kms.katalon.core.webui.model.SeleniumActionRetryController.performAction(SeleniumActionRetryController.java:83)
com.kms.katalon.core.webui.keyword.internal.WebUIKeywordMain$_runKeywordUntilTimeout_closure1.doCall(WebUIKeywordMain.groovy:135)
com.kms.katalon.core.webui.keyword.internal.WebUIKeywordMain$_runKeywordUntilTimeout_closure1.call(WebUIKeywordMain.groovy)
com.kms.katalon.core.webui.keyword.internal.WebUIKeywordMain.runKeyword(WebUIKeywordMain.groovy:41)
com.kms.katalon.core.webui.keyword.internal.WebUIKeywordMain.runKeywordUntilTimeout(WebUIKeywordMain.groovy:133)
com.kms.katalon.core.webui.keyword.builtin.SetTextKeyword.setText(SetTextKeyword.groovy:106)
com.kms.katalon.core.webui.keyword.builtin.SetTextKeyword.execute(SetTextKeyword.groovy:49)
com.kms.katalon.core.keyword.internal.KeywordExecutor.executeKeywordForPlatform(KeywordExecutor.groovy:89)
com.kms.katalon.core.webui.keyword.WebUiBuiltInKeywords.setText(WebUiBuiltInKeywords.groovy:1081)
staff-approval stage (kj reject).run(staff-approval stage (kj reject):24)
</property>
</record>
<record>
  <date>2026-01-06T05:20:16.467062500Z</date>
  <millis>1767676816467</millis>
  <nanos>62500</nanos>
  <sequence>169</sequence>
  <level>END</level>
  <class>com.kms.katalon.core.logging.XmlKeywordLogger</class>
  <method>endKeyword</method>
  <thread>1</thread>
  <message>End action : setText(findTestObject(&amp;quot;Object Repository/PAP-ALL (KJ REJECT)/Page_MBSP - Log Masuk/input__no_ktgn&amp;quot;), &amp;quot;11111&amp;quot;)</message>
  <nestedLevel>1</nestedLevel>
  <escapedJava>false</escapedJava>
</record>
<record>
  <date>2026-01-06T05:20:16.467062500Z</date>
  <millis>1767676816467</millis>
  <nanos>62500</nanos>
  <sequence>170</sequence>
  <level>START</level>
  <class>com.kms.katalon.core.logging.XmlKeywordLogger</class>
  <method>startKeyword</method>
  <thread>1</thread>
  <message>Start action : setEncryptedText(findTestObject(&amp;quot;Object Repository/PAP-ALL (KJ REJECT)/Page_MBSP - Log Masuk/input__password&amp;quot;), &amp;quot;ReS8CS55u3r9nXfefBFv2A==&amp;quot;)</message>
  <nestedLevel>1</nestedLevel>
  <escapedJava>false</escapedJava>
  <property name="startLine">26</property>
  <property name="stepIndex">4</property>
</record>
<record>
  <date>2026-01-06T05:20:16.868324300Z</date>
  <millis>1767676816868</millis>
  <nanos>324300</nanos>
  <sequence>183</sequence>
  <level>PASSED</level>
  <class>com.kms.katalon.core.logging.XmlKeywordLogger</class>
  <method>logMessage</method>
  <thread>1</thread>
  <message>Text ****** has been set on object &amp;apos;Object Repository/PAP-ALL (KJ REJECT)/Page_MBSP - Log Masuk/input__password&amp;apos;</message>
  <nestedLevel>1</nestedLevel>
  <escapedJava>false</escapedJava>
  <property name="testops-method-name">com.kms.katalon.core.webui.keyword.internal.WebUIKeywordMain.runKeywordUntilTimeout</property>
  <property name="testops-execution-stacktrace">com.kms.katalon.core.logging.KeywordLogger.logPassed(KeywordLogger.java:332)
com.kms.katalon.core.logging.KeywordLogger.logPassed(KeywordLogger.java:327)
com.kms.katalon.core.webui.keyword.builtin.SetEncryptedTextKeyword$_setEncryptedText_closure1.doCall(SetEncryptedTextKeyword.groovy:82)
java.base/jdk.internal.reflect.NativeMethodAccessorImpl.invoke0(Native Method)
java.base/jdk.internal.reflect.NativeMethodAccessorImpl.invoke(NativeMethodAccessorImpl.java:77)
java.base/jdk.internal.reflect.DelegatingMethodAccessorImpl.invoke(DelegatingMethodAccessorImpl.java:43)
jdk.proxy2/jdk.proxy2.$Proxy46.execute(Unknown Source)
com.kms.katalon.core.webui.model.SeleniumActionRetryController.performAction(SeleniumActionRetryController.java:96)
com.kms.katalon.core.webui.model.SeleniumActionRetryController.performAction(SeleniumActionRetryController.java:83)
com.kms.katalon.core.webui.keyword.internal.WebUIKeywordMain$_runKeywordUntilTimeout_closure1.doCall(WebUIKeywordMain.groovy:135)
com.kms.katalon.core.webui.keyword.internal.WebUIKeywordMain$_runKeywordUntilTimeout_closure1.call(WebUIKeywordMain.groovy)
com.kms.katalon.core.webui.keyword.internal.WebUIKeywordMain.runKeyword(WebUIKeywordMain.groovy:41)
com.kms.katalon.core.webui.keyword.internal.WebUIKeywordMain.runKeywordUntilTimeout(WebUIKeywordMain.groovy:133)
com.kms.katalon.core.webui.keyword.builtin.SetEncryptedTextKeyword.setEncryptedText(SetEncryptedTextKeyword.groovy:88)
com.kms.katalon.core.webui.keyword.builtin.SetEncryptedTextKeyword.execute(SetEncryptedTextKeyword.groovy:48)
com.kms.katalon.core.keyword.internal.KeywordExecutor.executeKeywordForPlatform(KeywordExecutor.groovy:89)
com.kms.katalon.core.webui.keyword.WebUiBuiltInKeywords.setEncryptedText(WebUiBuiltInKeywords.groovy:1112)
staff-approval stage (kj reject).run(staff-approval stage (kj reject):26)
</property>
</record>
<record>
  <date>2026-01-06T05:20:16.868324300Z</date>
  <millis>1767676816868</millis>
  <nanos>324300</nanos>
  <sequence>184</sequence>
  <level>END</level>
  <class>com.kms.katalon.core.logging.XmlKeywordLogger</class>
  <method>endKeyword</method>
  <thread>1</thread>
  <message>End action : setEncryptedText(findTestObject(&amp;quot;Object Repository/PAP-ALL (KJ REJECT)/Page_MBSP - Log Masuk/input__password&amp;quot;), &amp;quot;ReS8CS55u3r9nXfefBFv2A==&amp;quot;)</message>
  <nestedLevel>1</nestedLevel>
  <escapedJava>false</escapedJava>
</record>
<record>
  <date>2026-01-06T05:20:16.868324300Z</date>
  <millis>1767676816868</millis>
  <nanos>324300</nanos>
  <sequence>185</sequence>
  <level>START</level>
  <class>com.kms.katalon.core.logging.XmlKeywordLogger</class>
  <method>startKeyword</method>
  <thread>1</thread>
  <message>Start action : click(findTestObject(&amp;quot;Object Repository/PAP-ALL (KJ REJECT)/Page_MBSP - Log Masuk/button__login_button&amp;quot;))</message>
  <nestedLevel>1</nestedLevel>
  <escapedJava>false</escapedJava>
  <property name="startLine">28</property>
  <property name="stepIndex">5</property>
</record>
<record>
  <date>2026-01-06T05:20:19.867994200Z</date>
  <millis>1767676819867</millis>
  <nanos>994200</nanos>
  <sequence>196</sequence>
  <level>PASSED</level>
  <class>com.kms.katalon.core.logging.XmlKeywordLogger</class>
  <method>logMessage</method>
  <thread>1</thread>
  <message>Object: &amp;apos;Object Repository/PAP-ALL (KJ REJECT)/Page_MBSP - Log Masuk/button__login_button&amp;apos; is clicked on</message>
  <nestedLevel>1</nestedLevel>
  <escapedJava>false</escapedJava>
  <property name="testops-method-name">com.kms.katalon.core.webui.keyword.internal.WebUIKeywordMain.runKeywordUntilTimeout</property>
  <property name="testops-execution-stacktrace">com.kms.katalon.core.logging.KeywordLogger.logPassed(KeywordLogger.java:332)
com.kms.katalon.core.logging.KeywordLogger.logPassed(KeywordLogger.java:327)
com.kms.katalon.core.webui.keyword.builtin.ClickKeyword$_click_closure1.doCall(ClickKeyword.groovy:59)
java.base/jdk.internal.reflect.NativeMethodAccessorImpl.invoke0(Native Method)
java.base/jdk.internal.reflect.NativeMethodAccessorImpl.invoke(NativeMethodAccessorImpl.java:77)
java.base/jdk.internal.reflect.DelegatingMethodAccessorImpl.invoke(DelegatingMethodAccessorImpl.java:43)
jdk.proxy2/jdk.proxy2.$Proxy46.execute(Unknown Source)
com.kms.katalon.core.webui.model.SeleniumActionRetryController.performAction(SeleniumActionRetryController.java:96)
com.kms.katalon.core.webui.model.SeleniumActionRetryController.performAction(SeleniumActionRetryController.java:83)
com.kms.katalon.core.webui.keyword.internal.WebUIKeywordMain$_runKeywordUntilTimeout_closure1.doCall(WebUIKeywordMain.groovy:135)
com.kms.katalon.core.webui.keyword.internal.WebUIKeywordMain$_runKeywordUntilTimeout_closure1.call(WebUIKeywordMain.groovy)
com.kms.katalon.core.webui.keyword.internal.WebUIKeywordMain.runKeyword(WebUIKeywordMain.groovy:41)
com.kms.katalon.core.webui.keyword.internal.WebUIKeywordMain.runKeywordUntilTimeout(WebUIKeywordMain.groovy:133)
com.kms.katalon.core.webui.keyword.builtin.ClickKeyword.click(ClickKeyword.groovy:65)
com.kms.katalon.core.webui.keyword.builtin.ClickKeyword.execute(ClickKeyword.groovy:38)
com.kms.katalon.core.keyword.internal.KeywordExecutor.executeKeywordForPlatform(KeywordExecutor.groovy:89)
com.kms.katalon.core.webui.keyword.WebUiBuiltInKeywords.click(WebUiBuiltInKeywords.groovy:721)
staff-approval stage (kj reject).run(staff-approval stage (kj reject):28)
</property>
</record>
<record>
  <date>2026-01-06T05:20:19.867994200Z</date>
  <millis>1767676819867</millis>
  <nanos>994200</nanos>
  <sequence>197</sequence>
  <level>END</level>
  <class>com.kms.katalon.core.logging.XmlKeywordLogger</class>
  <method>endKeyword</method>
  <thread>1</thread>
  <message>End action : click(findTestObject(&amp;quot;Object Repository/PAP-ALL (KJ REJECT)/Page_MBSP - Log Masuk/button__login_button&amp;quot;))</message>
  <nestedLevel>1</nestedLevel>
  <escapedJava>false</escapedJava>
</record>
<record>
  <date>2026-01-06T05:20:19.867994200Z</date>
  <millis>1767676819867</millis>
  <nanos>994200</nanos>
  <sequence>198</sequence>
  <level>START</level>
  <class>com.kms.katalon.core.logging.XmlKeywordLogger</class>
  <method>startKeyword</method>
  <thread>1</thread>
  <message>Start action : click(findTestObject(&amp;quot;Object Repository/PAP-ALL (KJ REJECT)/Page_MBSP - Dashboard/span_Lapor Diri_dash-mtext&amp;quot;))</message>
  <nestedLevel>1</nestedLevel>
  <escapedJava>false</escapedJava>
  <property name="startLine">30</property>
  <property name="stepIndex">6</property>
</record>
<record>
  <date>2026-01-06T05:20:20.478485300Z</date>
  <millis>1767676820478</millis>
  <nanos>485300</nanos>
  <sequence>209</sequence>
  <level>PASSED</level>
  <class>com.kms.katalon.core.logging.XmlKeywordLogger</class>
  <method>logMessage</method>
  <thread>1</thread>
  <message>Object: &amp;apos;Object Repository/PAP-ALL (KJ REJECT)/Page_MBSP - Dashboard/span_Lapor Diri_dash-mtext&amp;apos; is clicked on</message>
  <nestedLevel>1</nestedLevel>
  <escapedJava>false</escapedJava>
  <property name="testops-method-name">com.kms.katalon.core.webui.keyword.internal.WebUIKeywordMain.runKeywordUntilTimeout</property>
  <property name="testops-execution-stacktrace">com.kms.katalon.core.logging.KeywordLogger.logPassed(KeywordLogger.java:332)
com.kms.katalon.core.logging.KeywordLogger.logPassed(KeywordLogger.java:327)
com.kms.katalon.core.webui.keyword.builtin.ClickKeyword$_click_closure1.doCall(ClickKeyword.groovy:59)
java.base/jdk.internal.reflect.NativeMethodAccessorImpl.invoke0(Native Method)
java.base/jdk.internal.reflect.NativeMethodAccessorImpl.invoke(NativeMethodAccessorImpl.java:77)
java.base/jdk.internal.reflect.DelegatingMethodAccessorImpl.invoke(DelegatingMethodAccessorImpl.java:43)
jdk.proxy2/jdk.proxy2.$Proxy46.execute(Unknown Source)
com.kms.katalon.core.webui.model.SeleniumActionRetryController.performAction(SeleniumActionRetryController.java:96)
com.kms.katalon.core.webui.model.SeleniumActionRetryController.performAction(SeleniumActionRetryController.java:83)
com.kms.katalon.core.webui.keyword.internal.WebUIKeywordMain$_runKeywordUntilTimeout_closure1.doCall(WebUIKeywordMain.groovy:135)
com.kms.katalon.core.webui.keyword.internal.WebUIKeywordMain$_runKeywordUntilTimeout_closure1.call(WebUIKeywordMain.groovy)
com.kms.katalon.core.webui.keyword.internal.WebUIKeywordMain.runKeyword(WebUIKeywordMain.groovy:41)
com.kms.katalon.core.webui.keyword.internal.WebUIKeywordMain.runKeywordUntilTimeout(WebUIKeywordMain.groovy:133)
com.kms.katalon.core.webui.keyword.builtin.ClickKeyword.click(ClickKeyword.groovy:65)
com.kms.katalon.core.webui.keyword.builtin.ClickKeyword.execute(ClickKeyword.groovy:38)
com.kms.katalon.core.keyword.internal.KeywordExecutor.executeKeywordForPlatform(KeywordExecutor.groovy:89)
com.kms.katalon.core.webui.keyword.WebUiBuiltInKeywords.click(WebUiBuiltInKeywords.groovy:721)
staff-approval stage (kj reject).run(staff-approval stage (kj reject):30)
</property>
</record>
<record>
  <date>2026-01-06T05:20:20.478485300Z</date>
  <millis>1767676820478</millis>
  <nanos>485300</nanos>
  <sequence>210</sequence>
  <level>END</level>
  <class>com.kms.katalon.core.logging.XmlKeywordLogger</class>
  <method>endKeyword</method>
  <thread>1</thread>
  <message>End action : click(findTestObject(&amp;quot;Object Repository/PAP-ALL (KJ REJECT)/Page_MBSP - Dashboard/span_Lapor Diri_dash-mtext&amp;quot;))</message>
  <nestedLevel>1</nestedLevel>
  <escapedJava>false</escapedJava>
</record>
<record>
  <date>2026-01-06T05:20:20.478485300Z</date>
  <millis>1767676820478</millis>
  <nanos>485300</nanos>
  <sequence>211</sequence>
  <level>START</level>
  <class>com.kms.katalon.core.logging.XmlKeywordLogger</class>
  <method>startKeyword</method>
  <thread>1</thread>
  <message>Start action : click(findTestObject(&amp;quot;Object Repository/PAP-ALL (KJ REJECT)/Page_MBSP - Dashboard/span_Permohonan TanahSaham_dash-mtext&amp;quot;))</message>
  <nestedLevel>1</nestedLevel>
  <escapedJava>false</escapedJava>
  <property name="startLine">32</property>
  <property name="stepIndex">7</property>
</record>
<record>
  <date>2026-01-06T05:20:21.790690200Z</date>
  <millis>1767676821790</millis>
  <nanos>690200</nanos>
  <sequence>222</sequence>
  <level>PASSED</level>
  <class>com.kms.katalon.core.logging.XmlKeywordLogger</class>
  <method>logMessage</method>
  <thread>1</thread>
  <message>Object: &amp;apos;Object Repository/PAP-ALL (KJ REJECT)/Page_MBSP - Dashboard/span_Permohonan TanahSaham_dash-mtext&amp;apos; is clicked on</message>
  <nestedLevel>1</nestedLevel>
  <escapedJava>false</escapedJava>
  <property name="testops-method-name">com.kms.katalon.core.webui.keyword.internal.WebUIKeywordMain.runKeywordUntilTimeout</property>
  <property name="testops-execution-stacktrace">com.kms.katalon.core.logging.KeywordLogger.logPassed(KeywordLogger.java:332)
com.kms.katalon.core.logging.KeywordLogger.logPassed(KeywordLogger.java:327)
com.kms.katalon.core.webui.keyword.builtin.ClickKeyword$_click_closure1.doCall(ClickKeyword.groovy:59)
java.base/jdk.internal.reflect.NativeMethodAccessorImpl.invoke0(Native Method)
java.base/jdk.internal.reflect.NativeMethodAccessorImpl.invoke(NativeMethodAccessorImpl.java:77)
java.base/jdk.internal.reflect.DelegatingMethodAccessorImpl.invoke(DelegatingMethodAccessorImpl.java:43)
jdk.proxy2/jdk.proxy2.$Proxy46.execute(Unknown Source)
com.kms.katalon.core.webui.model.SeleniumActionRetryController.performAction(SeleniumActionRetryController.java:96)
com.kms.katalon.core.webui.model.SeleniumActionRetryController.performAction(SeleniumActionRetryController.java:83)
com.kms.katalon.core.webui.keyword.internal.WebUIKeywordMain$_runKeywordUntilTimeout_closure1.doCall(WebUIKeywordMain.groovy:135)
com.kms.katalon.core.webui.keyword.internal.WebUIKeywordMain$_runKeywordUntilTimeout_closure1.call(WebUIKeywordMain.groovy)
com.kms.katalon.core.webui.keyword.internal.WebUIKeywordMain.runKeyword(WebUIKeywordMain.groovy:41)
com.kms.katalon.core.webui.keyword.internal.WebUIKeywordMain.runKeywordUntilTimeout(WebUIKeywordMain.groovy:133)
com.kms.katalon.core.webui.keyword.builtin.ClickKeyword.click(ClickKeyword.groovy:65)
com.kms.katalon.core.webui.keyword.builtin.ClickKeyword.execute(ClickKeyword.groovy:38)
com.kms.katalon.core.keyword.internal.KeywordExecutor.executeKeywordForPlatform(KeywordExecutor.groovy:89)
com.kms.katalon.core.webui.keyword.WebUiBuiltInKeywords.click(WebUiBuiltInKeywords.groovy:721)
staff-approval stage (kj reject).run(staff-approval stage (kj reject):32)
</property>
</record>
<record>
  <date>2026-01-06T05:20:21.795074100Z</date>
  <millis>1767676821795</millis>
  <nanos>74100</nanos>
  <sequence>223</sequence>
  <level>END</level>
  <class>com.kms.katalon.core.logging.XmlKeywordLogger</class>
  <method>endKeyword</method>
  <thread>1</thread>
  <message>End action : click(findTestObject(&amp;quot;Object Repository/PAP-ALL (KJ REJECT)/Page_MBSP - Dashboard/span_Permohonan TanahSaham_dash-mtext&amp;quot;))</message>
  <nestedLevel>1</nestedLevel>
  <escapedJava>false</escapedJava>
</record>
<record>
  <date>2026-01-06T05:20:21.795074100Z</date>
  <millis>1767676821795</millis>
  <nanos>74100</nanos>
  <sequence>224</sequence>
  <level>START</level>
  <class>com.kms.katalon.core.logging.XmlKeywordLogger</class>
  <method>startKeyword</method>
  <thread>1</thread>
  <message>Start action : click(findTestObject(&amp;quot;Object Repository/PAP-ALL (KJ REJECT)/Page_MBSP - Pemakluman Penglibatan Politik/span&amp;quot;))</message>
  <nestedLevel>1</nestedLevel>
  <escapedJava>false</escapedJava>
  <property name="startLine">34</property>
  <property name="stepIndex">8</property>
</record>
<record>
  <date>2026-01-06T05:20:23.562558500Z</date>
  <millis>1767676823562</millis>
  <nanos>558500</nanos>
  <sequence>235</sequence>
  <level>PASSED</level>
  <class>com.kms.katalon.core.logging.XmlKeywordLogger</class>
  <method>logMessage</method>
  <thread>1</thread>
  <message>Object: &amp;apos;Object Repository/PAP-ALL (KJ REJECT)/Page_MBSP - Pemakluman Penglibatan Politik/span&amp;apos; is clicked on</message>
  <nestedLevel>1</nestedLevel>
  <escapedJava>false</escapedJava>
  <property name="testops-method-name">com.kms.katalon.core.webui.keyword.internal.WebUIKeywordMain.runKeywordUntilTimeout</property>
  <property name="testops-execution-stacktrace">com.kms.katalon.core.logging.KeywordLogger.logPassed(KeywordLogger.java:332)
com.kms.katalon.core.logging.KeywordLogger.logPassed(KeywordLogger.java:327)
com.kms.katalon.core.webui.keyword.builtin.ClickKeyword$_click_closure1.doCall(ClickKeyword.groovy:59)
java.base/jdk.internal.reflect.NativeMethodAccessorImpl.invoke0(Native Method)
java.base/jdk.internal.reflect.NativeMethodAccessorImpl.invoke(NativeMethodAccessorImpl.java:77)
java.base/jdk.internal.reflect.DelegatingMethodAccessorImpl.invoke(DelegatingMethodAccessorImpl.java:43)
jdk.proxy2/jdk.proxy2.$Proxy46.execute(Unknown Source)
com.kms.katalon.core.webui.model.SeleniumActionRetryController.performAction(SeleniumActionRetryController.java:96)
com.kms.katalon.core.webui.model.SeleniumActionRetryController.performAction(SeleniumActionRetryController.java:83)
com.kms.katalon.core.webui.keyword.internal.WebUIKeywordMain$_runKeywordUntilTimeout_closure1.doCall(WebUIKeywordMain.groovy:135)
com.kms.katalon.core.webui.keyword.internal.WebUIKeywordMain$_runKeywordUntilTimeout_closure1.call(WebUIKeywordMain.groovy)
com.kms.katalon.core.webui.keyword.internal.WebUIKeywordMain.runKeyword(WebUIKeywordMain.groovy:41)
com.kms.katalon.core.webui.keyword.internal.WebUIKeywordMain.runKeywordUntilTimeout(WebUIKeywordMain.groovy:133)
com.kms.katalon.core.webui.keyword.builtin.ClickKeyword.click(ClickKeyword.groovy:65)
com.kms.katalon.core.webui.keyword.builtin.ClickKeyword.execute(ClickKeyword.groovy:38)
com.kms.katalon.core.keyword.internal.KeywordExecutor.executeKeywordForPlatform(KeywordExecutor.groovy:89)
com.kms.katalon.core.webui.keyword.WebUiBuiltInKeywords.click(WebUiBuiltInKeywords.groovy:721)
staff-approval stage (kj reject).run(staff-approval stage (kj reject):34)
</property>
</record>
<record>
  <date>2026-01-06T05:20:23.565558300Z</date>
  <millis>1767676823565</millis>
  <nanos>558300</nanos>
  <sequence>236</sequence>
  <level>END</level>
  <class>com.kms.katalon.core.logging.XmlKeywordLogger</class>
  <method>endKeyword</method>
  <thread>1</thread>
  <message>End action : click(findTestObject(&amp;quot;Object Repository/PAP-ALL (KJ REJECT)/Page_MBSP - Pemakluman Penglibatan Politik/span&amp;quot;))</message>
  <nestedLevel>1</nestedLevel>
  <escapedJava>false</escapedJava>
</record>
<record>
  <date>2026-01-06T05:20:23.565558300Z</date>
  <millis>1767676823565</millis>
  <nanos>558300</nanos>
  <sequence>237</sequence>
  <level>START</level>
  <class>com.kms.katalon.core.logging.XmlKeywordLogger</class>
  <method>startKeyword</method>
  <thread>1</thread>
  <message>Start action : selectOptionByValue(findTestObject(&amp;quot;Object Repository/PAP-ALL (KJ REJECT)/Page_MBSP - Permohonan Baru Aktiviti Politik/select__application_type&amp;quot;), &amp;quot;pre_retirement_activity&amp;quot;, true)</message>
  <nestedLevel>1</nestedLevel>
  <escapedJava>false</escapedJava>
  <property name="startLine">36</property>
  <property name="stepIndex">9</property>
</record>
<record>
  <date>2026-01-06T05:20:24.724045200Z</date>
  <millis>1767676824724</millis>
  <nanos>45200</nanos>
  <sequence>250</sequence>
  <level>PASSED</level>
  <class>com.kms.katalon.core.logging.XmlKeywordLogger</class>
  <method>logMessage</method>
  <thread>1</thread>
  <message>All options with value &amp;apos;pre_retirement_activity&amp;apos; are selected in object &amp;apos;Object Repository/PAP-ALL (KJ REJECT)/Page_MBSP - Permohonan Baru Aktiviti Politik/select__application_type&amp;apos;  using regular expression</message>
  <nestedLevel>1</nestedLevel>
  <escapedJava>false</escapedJava>
  <property name="testops-method-name">com.kms.katalon.core.webui.keyword.internal.WebUIKeywordMain.runKeywordUntilTimeout</property>
  <property name="testops-execution-stacktrace">com.kms.katalon.core.logging.KeywordLogger.logPassed(KeywordLogger.java:332)
com.kms.katalon.core.logging.KeywordLogger.logPassed(KeywordLogger.java:327)
com.kms.katalon.core.webui.keyword.builtin.SelectOptionByValueKeyword$_selectOptionByValue_closure1.doCall(SelectOptionByValueKeyword.groovy:70)
java.base/jdk.internal.reflect.NativeMethodAccessorImpl.invoke0(Native Method)
java.base/jdk.internal.reflect.NativeMethodAccessorImpl.invoke(NativeMethodAccessorImpl.java:77)
java.base/jdk.internal.reflect.DelegatingMethodAccessorImpl.invoke(DelegatingMethodAccessorImpl.java:43)
jdk.proxy2/jdk.proxy2.$Proxy46.execute(Unknown Source)
com.kms.katalon.core.webui.model.SeleniumActionRetryController.performAction(SeleniumActionRetryController.java:96)
com.kms.katalon.core.webui.model.SeleniumActionRetryController.performAction(SeleniumActionRetryController.java:83)
com.kms.katalon.core.webui.keyword.internal.WebUIKeywordMain$_runKeywordUntilTimeout_closure1.doCall(WebUIKeywordMain.groovy:135)
com.kms.katalon.core.webui.keyword.internal.WebUIKeywordMain$_runKeywordUntilTimeout_closure1.call(WebUIKeywordMain.groovy)
com.kms.katalon.core.webui.keyword.internal.WebUIKeywordMain.runKeyword(WebUIKeywordMain.groovy:41)
com.kms.katalon.core.webui.keyword.internal.WebUIKeywordMain.runKeywordUntilTimeout(WebUIKeywordMain.groovy:133)
com.kms.katalon.core.webui.keyword.builtin.SelectOptionByValueKeyword.selectOptionByValue(SelectOptionByValueKeyword.groovy:79)
com.kms.katalon.core.webui.keyword.builtin.SelectOptionByValueKeyword.execute(SelectOptionByValueKeyword.groovy:44)
com.kms.katalon.core.keyword.internal.KeywordExecutor.executeKeywordForPlatform(KeywordExecutor.groovy:89)
com.kms.katalon.core.webui.keyword.WebUiBuiltInKeywords.selectOptionByValue(WebUiBuiltInKeywords.groovy:1269)
staff-approval stage (kj reject).run(staff-approval stage (kj reject):36)
</property>
</record>
<record>
  <date>2026-01-06T05:20:24.728035600Z</date>
  <millis>1767676824728</millis>
  <nanos>35600</nanos>
  <sequence>251</sequence>
  <level>END</level>
  <class>com.kms.katalon.core.logging.XmlKeywordLogger</class>
  <method>endKeyword</method>
  <thread>1</thread>
  <message>End action : selectOptionByValue(findTestObject(&amp;quot;Object Repository/PAP-ALL (KJ REJECT)/Page_MBSP - Permohonan Baru Aktiviti Politik/select__application_type&amp;quot;), &amp;quot;pre_retirement_activity&amp;quot;, true)</message>
  <nestedLevel>1</nestedLevel>
  <escapedJava>false</escapedJava>
</record>
<record>
  <date>2026-01-06T05:20:24.728035600Z</date>
  <millis>1767676824728</millis>
  <nanos>35600</nanos>
  <sequence>252</sequence>
  <level>START</level>
  <class>com.kms.katalon.core.logging.XmlKeywordLogger</class>
  <method>startKeyword</method>
  <thread>1</thread>
  <message>Start action : setText(findTestObject(&amp;quot;Object Repository/PAP-ALL (KJ REJECT)/Page_MBSP - Permohonan Baru Aktiviti Politik/input__party_name&amp;quot;), &amp;quot;PN&amp;quot;)</message>
  <nestedLevel>1</nestedLevel>
  <escapedJava>false</escapedJava>
  <property name="startLine">39</property>
  <property name="stepIndex">10</property>
</record>
<record>
  <date>2026-01-06T05:20:25.638865900Z</date>
  <millis>1767676825638</millis>
  <nanos>865900</nanos>
  <sequence>266</sequence>
  <level>PASSED</level>
  <class>com.kms.katalon.core.logging.XmlKeywordLogger</class>
  <method>logMessage</method>
  <thread>1</thread>
  <message>Text &amp;apos;PN&amp;apos; is set on object &amp;apos;Object Repository/PAP-ALL (KJ REJECT)/Page_MBSP - Permohonan Baru Aktiviti Politik/input__party_name&amp;apos;</message>
  <nestedLevel>1</nestedLevel>
  <escapedJava>false</escapedJava>
  <property name="testops-method-name">com.kms.katalon.core.webui.keyword.internal.WebUIKeywordMain.runKeywordUntilTimeout</property>
  <property name="testops-execution-stacktrace">com.kms.katalon.core.logging.KeywordLogger.logPassed(KeywordLogger.java:332)
com.kms.katalon.core.logging.KeywordLogger.logPassed(KeywordLogger.java:327)
com.kms.katalon.core.webui.keyword.builtin.SetTextKeyword$_setText_closure1.doCall(SetTextKeyword.groovy:99)
java.base/jdk.internal.reflect.NativeMethodAccessorImpl.invoke0(Native Method)
java.base/jdk.internal.reflect.NativeMethodAccessorImpl.invoke(NativeMethodAccessorImpl.java:77)
java.base/jdk.internal.reflect.DelegatingMethodAccessorImpl.invoke(DelegatingMethodAccessorImpl.java:43)
jdk.proxy2/jdk.proxy2.$Proxy46.execute(Unknown Source)
com.kms.katalon.core.webui.model.SeleniumActionRetryController.performAction(SeleniumActionRetryController.java:96)
com.kms.katalon.core.webui.model.SeleniumActionRetryController.performAction(SeleniumActionRetryController.java:83)
com.kms.katalon.core.webui.keyword.internal.WebUIKeywordMain$_runKeywordUntilTimeout_closure1.doCall(WebUIKeywordMain.groovy:135)
com.kms.katalon.core.webui.keyword.internal.WebUIKeywordMain$_runKeywordUntilTimeout_closure1.call(WebUIKeywordMain.groovy)
com.kms.katalon.core.webui.keyword.internal.WebUIKeywordMain.runKeyword(WebUIKeywordMain.groovy:41)
com.kms.katalon.core.webui.keyword.internal.WebUIKeywordMain.runKeywordUntilTimeout(WebUIKeywordMain.groovy:133)
com.kms.katalon.core.webui.keyword.builtin.SetTextKeyword.setText(SetTextKeyword.groovy:106)
com.kms.katalon.core.webui.keyword.builtin.SetTextKeyword.execute(SetTextKeyword.groovy:49)
com.kms.katalon.core.keyword.internal.KeywordExecutor.executeKeywordForPlatform(KeywordExecutor.groovy:89)
com.kms.katalon.core.webui.keyword.WebUiBuiltInKeywords.setText(WebUiBuiltInKeywords.groovy:1081)
staff-approval stage (kj reject).run(staff-approval stage (kj reject):39)
</property>
</record>
<record>
  <date>2026-01-06T05:20:25.638865900Z</date>
  <millis>1767676825638</millis>
  <nanos>865900</nanos>
  <sequence>267</sequence>
  <level>END</level>
  <class>com.kms.katalon.core.logging.XmlKeywordLogger</class>
  <method>endKeyword</method>
  <thread>1</thread>
  <message>End action : setText(findTestObject(&amp;quot;Object Repository/PAP-ALL (KJ REJECT)/Page_MBSP - Permohonan Baru Aktiviti Politik/input__party_name&amp;quot;), &amp;quot;PN&amp;quot;)</message>
  <nestedLevel>1</nestedLevel>
  <escapedJava>false</escapedJava>
</record>
<record>
  <date>2026-01-06T05:20:25.638865900Z</date>
  <millis>1767676825638</millis>
  <nanos>865900</nanos>
  <sequence>268</sequence>
  <level>START</level>
  <class>com.kms.katalon.core.logging.XmlKeywordLogger</class>
  <method>startKeyword</method>
  <thread>1</thread>
  <message>Start action : click(findTestObject(&amp;quot;Object Repository/PAP-ALL (KJ REJECT)/Page_MBSP - Permohonan Baru Aktiviti Politik/input_Perakuan_acknowledge&amp;quot;))</message>
  <nestedLevel>1</nestedLevel>
  <escapedJava>false</escapedJava>
  <property name="startLine">42</property>
  <property name="stepIndex">11</property>
</record>
<record>
  <date>2026-01-06T05:20:26.072062500Z</date>
  <millis>1767676826072</millis>
  <nanos>62500</nanos>
  <sequence>279</sequence>
  <level>PASSED</level>
  <class>com.kms.katalon.core.logging.XmlKeywordLogger</class>
  <method>logMessage</method>
  <thread>1</thread>
  <message>Object: &amp;apos;Object Repository/PAP-ALL (KJ REJECT)/Page_MBSP - Permohonan Baru Aktiviti Politik/input_Perakuan_acknowledge&amp;apos; is clicked on</message>
  <nestedLevel>1</nestedLevel>
  <escapedJava>false</escapedJava>
  <property name="testops-method-name">com.kms.katalon.core.webui.keyword.internal.WebUIKeywordMain.runKeywordUntilTimeout</property>
  <property name="testops-execution-stacktrace">com.kms.katalon.core.logging.KeywordLogger.logPassed(KeywordLogger.java:332)
com.kms.katalon.core.logging.KeywordLogger.logPassed(KeywordLogger.java:327)
com.kms.katalon.core.webui.keyword.builtin.ClickKeyword$_click_closure1.doCall(ClickKeyword.groovy:59)
java.base/jdk.internal.reflect.NativeMethodAccessorImpl.invoke0(Native Method)
java.base/jdk.internal.reflect.NativeMethodAccessorImpl.invoke(NativeMethodAccessorImpl.java:77)
java.base/jdk.internal.reflect.DelegatingMethodAccessorImpl.invoke(DelegatingMethodAccessorImpl.java:43)
jdk.proxy2/jdk.proxy2.$Proxy46.execute(Unknown Source)
com.kms.katalon.core.webui.model.SeleniumActionRetryController.performAction(SeleniumActionRetryController.java:96)
com.kms.katalon.core.webui.model.SeleniumActionRetryController.performAction(SeleniumActionRetryController.java:83)
com.kms.katalon.core.webui.keyword.internal.WebUIKeywordMain$_runKeywordUntilTimeout_closure1.doCall(WebUIKeywordMain.groovy:135)
com.kms.katalon.core.webui.keyword.internal.WebUIKeywordMain$_runKeywordUntilTimeout_closure1.call(WebUIKeywordMain.groovy)
com.kms.katalon.core.webui.keyword.internal.WebUIKeywordMain.runKeyword(WebUIKeywordMain.groovy:41)
com.kms.katalon.core.webui.keyword.internal.WebUIKeywordMain.runKeywordUntilTimeout(WebUIKeywordMain.groovy:133)
com.kms.katalon.core.webui.keyword.builtin.ClickKeyword.click(ClickKeyword.groovy:65)
com.kms.katalon.core.webui.keyword.builtin.ClickKeyword.execute(ClickKeyword.groovy:38)
com.kms.katalon.core.keyword.internal.KeywordExecutor.executeKeywordForPlatform(KeywordExecutor.groovy:89)
com.kms.katalon.core.webui.keyword.WebUiBuiltInKeywords.click(WebUiBuiltInKeywords.groovy:721)
staff-approval stage (kj reject).run(staff-approval stage (kj reject):42)
</property>
</record>
<record>
  <date>2026-01-06T05:20:26.086955Z</date>
  <millis>1767676826086</millis>
  <nanos>955000</nanos>
  <sequence>280</sequence>
  <level>END</level>
  <class>com.kms.katalon.core.logging.XmlKeywordLogger</class>
  <method>endKeyword</method>
  <thread>1</thread>
  <message>End action : click(findTestObject(&amp;quot;Object Repository/PAP-ALL (KJ REJECT)/Page_MBSP - Permohonan Baru Aktiviti Politik/input_Perakuan_acknowledge&amp;quot;))</message>
  <nestedLevel>1</nestedLevel>
  <escapedJava>false</escapedJava>
</record>
<record>
  <date>2026-01-06T05:20:26.086955Z</date>
  <millis>1767676826086</millis>
  <nanos>955000</nanos>
  <sequence>281</sequence>
  <level>START</level>
  <class>com.kms.katalon.core.logging.XmlKeywordLogger</class>
  <method>startKeyword</method>
  <thread>1</thread>
  <message>Start action : click(findTestObject(&amp;quot;Object Repository/PAP-ALL (KJ REJECT)/Page_MBSP - Permohonan Baru Aktiviti Politik/button_Tambah Dokumen_btnAddFile&amp;quot;))</message>
  <nestedLevel>1</nestedLevel>
  <escapedJava>false</escapedJava>
  <property name="startLine">44</property>
  <property name="stepIndex">12</property>
</record>
<record>
  <date>2026-01-06T05:20:26.445266900Z</date>
  <millis>1767676826445</millis>
  <nanos>266900</nanos>
  <sequence>292</sequence>
  <level>PASSED</level>
  <class>com.kms.katalon.core.logging.XmlKeywordLogger</class>
  <method>logMessage</method>
  <thread>1</thread>
  <message>Object: &amp;apos;Object Repository/PAP-ALL (KJ REJECT)/Page_MBSP - Permohonan Baru Aktiviti Politik/button_Tambah Dokumen_btnAddFile&amp;apos; is clicked on</message>
  <nestedLevel>1</nestedLevel>
  <escapedJava>false</escapedJava>
  <property name="testops-method-name">com.kms.katalon.core.webui.keyword.internal.WebUIKeywordMain.runKeywordUntilTimeout</property>
  <property name="testops-execution-stacktrace">com.kms.katalon.core.logging.KeywordLogger.logPassed(KeywordLogger.java:332)
com.kms.katalon.core.logging.KeywordLogger.logPassed(KeywordLogger.java:327)
com.kms.katalon.core.webui.keyword.builtin.ClickKeyword$_click_closure1.doCall(ClickKeyword.groovy:59)
java.base/jdk.internal.reflect.NativeMethodAccessorImpl.invoke0(Native Method)
java.base/jdk.internal.reflect.NativeMethodAccessorImpl.invoke(NativeMethodAccessorImpl.java:77)
java.base/jdk.internal.reflect.DelegatingMethodAccessorImpl.invoke(DelegatingMethodAccessorImpl.java:43)
jdk.proxy2/jdk.proxy2.$Proxy46.execute(Unknown Source)
com.kms.katalon.core.webui.model.SeleniumActionRetryController.performAction(SeleniumActionRetryController.java:96)
com.kms.katalon.core.webui.model.SeleniumActionRetryController.performAction(SeleniumActionRetryController.java:83)
com.kms.katalon.core.webui.keyword.internal.WebUIKeywordMain$_runKeywordUntilTimeout_closure1.doCall(WebUIKeywordMain.groovy:135)
com.kms.katalon.core.webui.keyword.internal.WebUIKeywordMain$_runKeywordUntilTimeout_closure1.call(WebUIKeywordMain.groovy)
com.kms.katalon.core.webui.keyword.internal.WebUIKeywordMain.runKeyword(WebUIKeywordMain.groovy:41)
com.kms.katalon.core.webui.keyword.internal.WebUIKeywordMain.runKeywordUntilTimeout(WebUIKeywordMain.groovy:133)
com.kms.katalon.core.webui.keyword.builtin.ClickKeyword.click(ClickKeyword.groovy:65)
com.kms.katalon.core.webui.keyword.builtin.ClickKeyword.execute(ClickKeyword.groovy:38)
com.kms.katalon.core.keyword.internal.KeywordExecutor.executeKeywordForPlatform(KeywordExecutor.groovy:89)
com.kms.katalon.core.webui.keyword.WebUiBuiltInKeywords.click(WebUiBuiltInKeywords.groovy:721)
staff-approval stage (kj reject).run(staff-approval stage (kj reject):44)
</property>
</record>
<record>
  <date>2026-01-06T05:20:26.447263100Z</date>
  <millis>1767676826447</millis>
  <nanos>263100</nanos>
  <sequence>293</sequence>
  <level>END</level>
  <class>com.kms.katalon.core.logging.XmlKeywordLogger</class>
  <method>endKeyword</method>
  <thread>1</thread>
  <message>End action : click(findTestObject(&amp;quot;Object Repository/PAP-ALL (KJ REJECT)/Page_MBSP - Permohonan Baru Aktiviti Politik/button_Tambah Dokumen_btnAddFile&amp;quot;))</message>
  <nestedLevel>1</nestedLevel>
  <escapedJava>false</escapedJava>
</record>
<record>
  <date>2026-01-06T05:20:26.447263100Z</date>
  <millis>1767676826447</millis>
  <nanos>263100</nanos>
  <sequence>294</sequence>
  <level>START</level>
  <class>com.kms.katalon.core.logging.XmlKeywordLogger</class>
  <method>startKeyword</method>
  <thread>1</thread>
  <message>Start action : click(findTestObject(&amp;quot;Object Repository/PAP-ALL (KJ REJECT)/Page_MBSP - Permohonan Baru Aktiviti Politik/button_Batal_btn btn-primary px-4&amp;quot;))</message>
  <nestedLevel>1</nestedLevel>
  <escapedJava>false</escapedJava>
  <property name="startLine">46</property>
  <property name="stepIndex">13</property>
</record>
<record>
  <date>2026-01-06T05:20:28.505926400Z</date>
  <millis>1767676828505</millis>
  <nanos>926400</nanos>
  <sequence>305</sequence>
  <level>PASSED</level>
  <class>com.kms.katalon.core.logging.XmlKeywordLogger</class>
  <method>logMessage</method>
  <thread>1</thread>
  <message>Object: &amp;apos;Object Repository/PAP-ALL (KJ REJECT)/Page_MBSP - Permohonan Baru Aktiviti Politik/button_Batal_btn btn-primary px-4&amp;apos; is clicked on</message>
  <nestedLevel>1</nestedLevel>
  <escapedJava>false</escapedJava>
  <property name="testops-method-name">com.kms.katalon.core.webui.keyword.internal.WebUIKeywordMain.runKeywordUntilTimeout</property>
  <property name="testops-execution-stacktrace">com.kms.katalon.core.logging.KeywordLogger.logPassed(KeywordLogger.java:332)
com.kms.katalon.core.logging.KeywordLogger.logPassed(KeywordLogger.java:327)
com.kms.katalon.core.webui.keyword.builtin.ClickKeyword$_click_closure1.doCall(ClickKeyword.groovy:59)
java.base/jdk.internal.reflect.NativeMethodAccessorImpl.invoke0(Native Method)
java.base/jdk.internal.reflect.NativeMethodAccessorImpl.invoke(NativeMethodAccessorImpl.java:77)
java.base/jdk.internal.reflect.DelegatingMethodAccessorImpl.invoke(DelegatingMethodAccessorImpl.java:43)
jdk.proxy2/jdk.proxy2.$Proxy46.execute(Unknown Source)
com.kms.katalon.core.webui.model.SeleniumActionRetryController.performAction(SeleniumActionRetryController.java:96)
com.kms.katalon.core.webui.model.SeleniumActionRetryController.performAction(SeleniumActionRetryController.java:83)
com.kms.katalon.core.webui.keyword.internal.WebUIKeywordMain$_runKeywordUntilTimeout_closure1.doCall(WebUIKeywordMain.groovy:135)
com.kms.katalon.core.webui.keyword.internal.WebUIKeywordMain$_runKeywordUntilTimeout_closure1.call(WebUIKeywordMain.groovy)
com.kms.katalon.core.webui.keyword.internal.WebUIKeywordMain.runKeyword(WebUIKeywordMain.groovy:41)
com.kms.katalon.core.webui.keyword.internal.WebUIKeywordMain.runKeywordUntilTimeout(WebUIKeywordMain.groovy:133)
com.kms.katalon.core.webui.keyword.builtin.ClickKeyword.click(ClickKeyword.groovy:65)
com.kms.katalon.core.webui.keyword.builtin.ClickKeyword.execute(ClickKeyword.groovy:38)
com.kms.katalon.core.keyword.internal.KeywordExecutor.executeKeywordForPlatform(KeywordExecutor.groovy:89)
com.kms.katalon.core.webui.keyword.WebUiBuiltInKeywords.click(WebUiBuiltInKeywords.groovy:721)
staff-approval stage (kj reject).run(staff-approval stage (kj reject):46)
</property>
</record>
<record>
  <date>2026-01-06T05:20:28.506602900Z</date>
  <millis>1767676828506</millis>
  <nanos>602900</nanos>
  <sequence>306</sequence>
  <level>END</level>
  <class>com.kms.katalon.core.logging.XmlKeywordLogger</class>
  <method>endKeyword</method>
  <thread>1</thread>
  <message>End action : click(findTestObject(&amp;quot;Object Repository/PAP-ALL (KJ REJECT)/Page_MBSP - Permohonan Baru Aktiviti Politik/button_Batal_btn btn-primary px-4&amp;quot;))</message>
  <nestedLevel>1</nestedLevel>
  <escapedJava>false</escapedJava>
</record>
<record>
  <date>2026-01-06T05:20:28.506602900Z</date>
  <millis>1767676828506</millis>
  <nanos>602900</nanos>
  <sequence>307</sequence>
  <level>START</level>
  <class>com.kms.katalon.core.logging.XmlKeywordLogger</class>
  <method>startKeyword</method>
  <thread>1</thread>
  <message>Start action : click(findTestObject(&amp;quot;Object Repository/PAP-ALL (KJ REJECT)/Page_MBSP - Pemakluman Penglibatan Politik/span_Log Keluar_hide-mob ms-2&amp;quot;))</message>
  <nestedLevel>1</nestedLevel>
  <escapedJava>false</escapedJava>
  <property name="startLine">48</property>
  <property name="stepIndex">14</property>
</record>
<record>
  <date>2026-01-06T05:20:28.898426800Z</date>
  <millis>1767676828898</millis>
  <nanos>426800</nanos>
  <sequence>318</sequence>
  <level>PASSED</level>
  <class>com.kms.katalon.core.logging.XmlKeywordLogger</class>
  <method>logMessage</method>
  <thread>1</thread>
  <message>Object: &amp;apos;Object Repository/PAP-ALL (KJ REJECT)/Page_MBSP - Pemakluman Penglibatan Politik/span_Log Keluar_hide-mob ms-2&amp;apos; is clicked on</message>
  <nestedLevel>1</nestedLevel>
  <escapedJava>false</escapedJava>
  <property name="testops-method-name">com.kms.katalon.core.webui.keyword.internal.WebUIKeywordMain.runKeywordUntilTimeout</property>
  <property name="testops-execution-stacktrace">com.kms.katalon.core.logging.KeywordLogger.logPassed(KeywordLogger.java:332)
com.kms.katalon.core.logging.KeywordLogger.logPassed(KeywordLogger.java:327)
com.kms.katalon.core.webui.keyword.builtin.ClickKeyword$_click_closure1.doCall(ClickKeyword.groovy:59)
java.base/jdk.internal.reflect.NativeMethodAccessorImpl.invoke0(Native Method)
java.base/jdk.internal.reflect.NativeMethodAccessorImpl.invoke(NativeMethodAccessorImpl.java:77)
java.base/jdk.internal.reflect.DelegatingMethodAccessorImpl.invoke(DelegatingMethodAccessorImpl.java:43)
jdk.proxy2/jdk.proxy2.$Proxy46.execute(Unknown Source)
com.kms.katalon.core.webui.model.SeleniumActionRetryController.performAction(SeleniumActionRetryController.java:96)
com.kms.katalon.core.webui.model.SeleniumActionRetryController.performAction(SeleniumActionRetryController.java:83)
com.kms.katalon.core.webui.keyword.internal.WebUIKeywordMain$_runKeywordUntilTimeout_closure1.doCall(WebUIKeywordMain.groovy:135)
com.kms.katalon.core.webui.keyword.internal.WebUIKeywordMain$_runKeywordUntilTimeout_closure1.call(WebUIKeywordMain.groovy)
com.kms.katalon.core.webui.keyword.internal.WebUIKeywordMain.runKeyword(WebUIKeywordMain.groovy:41)
com.kms.katalon.core.webui.keyword.internal.WebUIKeywordMain.runKeywordUntilTimeout(WebUIKeywordMain.groovy:133)
com.kms.katalon.core.webui.keyword.builtin.ClickKeyword.click(ClickKeyword.groovy:65)
com.kms.katalon.core.webui.keyword.builtin.ClickKeyword.execute(ClickKeyword.groovy:38)
com.kms.katalon.core.keyword.internal.KeywordExecutor.executeKeywordForPlatform(KeywordExecutor.groovy:89)
com.kms.katalon.core.webui.keyword.WebUiBuiltInKeywords.click(WebUiBuiltInKeywords.groovy:721)
staff-approval stage (kj reject).run(staff-approval stage (kj reject):48)
</property>
</record>
<record>
  <date>2026-01-06T05:20:28.901405200Z</date>
  <millis>1767676828901</millis>
  <nanos>405200</nanos>
  <sequence>319</sequence>
  <level>END</level>
  <class>com.kms.katalon.core.logging.XmlKeywordLogger</class>
  <method>endKeyword</method>
  <thread>1</thread>
  <message>End action : click(findTestObject(&amp;quot;Object Repository/PAP-ALL (KJ REJECT)/Page_MBSP - Pemakluman Penglibatan Politik/span_Log Keluar_hide-mob ms-2&amp;quot;))</message>
  <nestedLevel>1</nestedLevel>
  <escapedJava>false</escapedJava>
</record>
<record>
  <date>2026-01-06T05:20:28.901983700Z</date>
  <millis>1767676828901</millis>
  <nanos>983700</nanos>
  <sequence>320</sequence>
  <level>START</level>
  <class>com.kms.katalon.core.logging.XmlKeywordLogger</class>
  <method>startKeyword</method>
  <thread>1</thread>
  <message>Start action : click(findTestObject(&amp;quot;Object Repository/PAP-ALL (KJ REJECT)/Page_MBSP - Pemakluman Penglibatan Politik/a_Konfigurasi Pelatih Amali_dropdown-item&amp;quot;))</message>
  <nestedLevel>1</nestedLevel>
  <escapedJava>false</escapedJava>
  <property name="startLine">50</property>
  <property name="stepIndex">15</property>
</record>
<record>
  <date>2026-01-06T05:20:29.248030800Z</date>
  <millis>1767676829248</millis>
  <nanos>30800</nanos>
  <sequence>331</sequence>
  <level>PASSED</level>
  <class>com.kms.katalon.core.logging.XmlKeywordLogger</class>
  <method>logMessage</method>
  <thread>1</thread>
  <message>Object: &amp;apos;Object Repository/PAP-ALL (KJ REJECT)/Page_MBSP - Pemakluman Penglibatan Politik/a_Konfigurasi Pelatih Amali_dropdown-item&amp;apos; is clicked on</message>
  <nestedLevel>1</nestedLevel>
  <escapedJava>false</escapedJava>
  <property name="testops-method-name">com.kms.katalon.core.webui.keyword.internal.WebUIKeywordMain.runKeywordUntilTimeout</property>
  <property name="testops-execution-stacktrace">com.kms.katalon.core.logging.KeywordLogger.logPassed(KeywordLogger.java:332)
com.kms.katalon.core.logging.KeywordLogger.logPassed(KeywordLogger.java:327)
com.kms.katalon.core.webui.keyword.builtin.ClickKeyword$_click_closure1.doCall(ClickKeyword.groovy:59)
java.base/jdk.internal.reflect.NativeMethodAccessorImpl.invoke0(Native Method)
java.base/jdk.internal.reflect.NativeMethodAccessorImpl.invoke(NativeMethodAccessorImpl.java:77)
java.base/jdk.internal.reflect.DelegatingMethodAccessorImpl.invoke(DelegatingMethodAccessorImpl.java:43)
jdk.proxy2/jdk.proxy2.$Proxy46.execute(Unknown Source)
com.kms.katalon.core.webui.model.SeleniumActionRetryController.performAction(SeleniumActionRetryController.java:96)
com.kms.katalon.core.webui.model.SeleniumActionRetryController.performAction(SeleniumActionRetryController.java:83)
com.kms.katalon.core.webui.keyword.internal.WebUIKeywordMain$_runKeywordUntilTimeout_closure1.doCall(WebUIKeywordMain.groovy:135)
com.kms.katalon.core.webui.keyword.internal.WebUIKeywordMain$_runKeywordUntilTimeout_closure1.call(WebUIKeywordMain.groovy)
com.kms.katalon.core.webui.keyword.internal.WebUIKeywordMain.runKeyword(WebUIKeywordMain.groovy:41)
com.kms.katalon.core.webui.keyword.internal.WebUIKeywordMain.runKeywordUntilTimeout(WebUIKeywordMain.groovy:133)
com.kms.katalon.core.webui.keyword.builtin.ClickKeyword.click(ClickKeyword.groovy:65)
com.kms.katalon.core.webui.keyword.builtin.ClickKeyword.execute(ClickKeyword.groovy:38)
com.kms.katalon.core.keyword.internal.KeywordExecutor.executeKeywordForPlatform(KeywordExecutor.groovy:89)
com.kms.katalon.core.webui.keyword.WebUiBuiltInKeywords.click(WebUiBuiltInKeywords.groovy:721)
staff-approval stage (kj reject).run(staff-approval stage (kj reject):50)
</property>
</record>
<record>
  <date>2026-01-06T05:20:29.252366100Z</date>
  <millis>1767676829252</millis>
  <nanos>366100</nanos>
  <sequence>332</sequence>
  <level>END</level>
  <class>com.kms.katalon.core.logging.XmlKeywordLogger</class>
  <method>endKeyword</method>
  <thread>1</thread>
  <message>End action : click(findTestObject(&amp;quot;Object Repository/PAP-ALL (KJ REJECT)/Page_MBSP - Pemakluman Penglibatan Politik/a_Konfigurasi Pelatih Amali_dropdown-item&amp;quot;))</message>
  <nestedLevel>1</nestedLevel>
  <escapedJava>false</escapedJava>
</record>
<record>
  <date>2026-01-06T05:20:29.254331100Z</date>
  <millis>1767676829254</millis>
  <nanos>331100</nanos>
  <sequence>333</sequence>
  <level>START</level>
  <class>com.kms.katalon.core.logging.XmlKeywordLogger</class>
  <method>startKeyword</method>
  <thread>1</thread>
  <message>Start action : setText(findTestObject(&amp;quot;Object Repository/PAP-ALL (KJ REJECT)/Page_MBSP - Log Masuk/input__no_ktgn&amp;quot;), &amp;quot;30006&amp;quot;)</message>
  <nestedLevel>1</nestedLevel>
  <escapedJava>false</escapedJava>
  <property name="startLine">52</property>
  <property name="stepIndex">16</property>
</record>
<record>
  <date>2026-01-06T05:20:31.439313Z</date>
  <millis>1767676831439</millis>
  <nanos>313000</nanos>
  <sequence>347</sequence>
  <level>PASSED</level>
  <class>com.kms.katalon.core.logging.XmlKeywordLogger</class>
  <method>logMessage</method>
  <thread>1</thread>
  <message>Text &amp;apos;30006&amp;apos; is set on object &amp;apos;Object Repository/PAP-ALL (KJ REJECT)/Page_MBSP - Log Masuk/input__no_ktgn&amp;apos;</message>
  <nestedLevel>1</nestedLevel>
  <escapedJava>false</escapedJava>
  <property name="testops-method-name">com.kms.katalon.core.webui.keyword.internal.WebUIKeywordMain.runKeywordUntilTimeout</property>
  <property name="testops-execution-stacktrace">com.kms.katalon.core.logging.KeywordLogger.logPassed(KeywordLogger.java:332)
com.kms.katalon.core.logging.KeywordLogger.logPassed(KeywordLogger.java:327)
com.kms.katalon.core.webui.keyword.builtin.SetTextKeyword$_setText_closure1.doCall(SetTextKeyword.groovy:99)
java.base/jdk.internal.reflect.NativeMethodAccessorImpl.invoke0(Native Method)
java.base/jdk.internal.reflect.NativeMethodAccessorImpl.invoke(NativeMethodAccessorImpl.java:77)
java.base/jdk.internal.reflect.DelegatingMethodAccessorImpl.invoke(DelegatingMethodAccessorImpl.java:43)
jdk.proxy2/jdk.proxy2.$Proxy46.execute(Unknown Source)
com.kms.katalon.core.webui.model.SeleniumActionRetryController.performAction(SeleniumActionRetryController.java:96)
com.kms.katalon.core.webui.model.SeleniumActionRetryController.performAction(SeleniumActionRetryController.java:83)
com.kms.katalon.core.webui.keyword.internal.WebUIKeywordMain$_runKeywordUntilTimeout_closure1.doCall(WebUIKeywordMain.groovy:135)
com.kms.katalon.core.webui.keyword.internal.WebUIKeywordMain$_runKeywordUntilTimeout_closure1.call(WebUIKeywordMain.groovy)
com.kms.katalon.core.webui.keyword.internal.WebUIKeywordMain.runKeyword(WebUIKeywordMain.groovy:41)
com.kms.katalon.core.webui.keyword.internal.WebUIKeywordMain.runKeywordUntilTimeout(WebUIKeywordMain.groovy:133)
com.kms.katalon.core.webui.keyword.builtin.SetTextKeyword.setText(SetTextKeyword.groovy:106)
com.kms.katalon.core.webui.keyword.builtin.SetTextKeyword.execute(SetTextKeyword.groovy:49)
com.kms.katalon.core.keyword.internal.KeywordExecutor.executeKeywordForPlatform(KeywordExecutor.groovy:89)
com.kms.katalon.core.webui.keyword.WebUiBuiltInKeywords.setText(WebUiBuiltInKeywords.groovy:1081)
staff-approval stage (kj reject).run(staff-approval stage (kj reject):52)
</property>
</record>
<record>
  <date>2026-01-06T05:20:31.440312200Z</date>
  <millis>1767676831440</millis>
  <nanos>312200</nanos>
  <sequence>348</sequence>
  <level>END</level>
  <class>com.kms.katalon.core.logging.XmlKeywordLogger</class>
  <method>endKeyword</method>
  <thread>1</thread>
  <message>End action : setText(findTestObject(&amp;quot;Object Repository/PAP-ALL (KJ REJECT)/Page_MBSP - Log Masuk/input__no_ktgn&amp;quot;), &amp;quot;30006&amp;quot;)</message>
  <nestedLevel>1</nestedLevel>
  <escapedJava>false</escapedJava>
</record>
<record>
  <date>2026-01-06T05:20:31.440312200Z</date>
  <millis>1767676831440</millis>
  <nanos>312200</nanos>
  <sequence>349</sequence>
  <level>START</level>
  <class>com.kms.katalon.core.logging.XmlKeywordLogger</class>
  <method>startKeyword</method>
  <thread>1</thread>
  <message>Start action : setEncryptedText(findTestObject(&amp;quot;Object Repository/PAP-ALL (KJ REJECT)/Page_MBSP - Log Masuk/input__password&amp;quot;), &amp;quot;ReS8CS55u3r9nXfefBFv2A==&amp;quot;)</message>
  <nestedLevel>1</nestedLevel>
  <escapedJava>false</escapedJava>
  <property name="startLine">54</property>
  <property name="stepIndex">17</property>
</record>
<record>
  <date>2026-01-06T05:20:31.799941800Z</date>
  <millis>1767676831799</millis>
  <nanos>941800</nanos>
  <sequence>362</sequence>
  <level>PASSED</level>
  <class>com.kms.katalon.core.logging.XmlKeywordLogger</class>
  <method>logMessage</method>
  <thread>1</thread>
  <message>Text ****** has been set on object &amp;apos;Object Repository/PAP-ALL (KJ REJECT)/Page_MBSP - Log Masuk/input__password&amp;apos;</message>
  <nestedLevel>1</nestedLevel>
  <escapedJava>false</escapedJava>
  <property name="testops-method-name">com.kms.katalon.core.webui.keyword.internal.WebUIKeywordMain.runKeywordUntilTimeout</property>
  <property name="testops-execution-stacktrace">com.kms.katalon.core.logging.KeywordLogger.logPassed(KeywordLogger.java:332)
com.kms.katalon.core.logging.KeywordLogger.logPassed(KeywordLogger.java:327)
com.kms.katalon.core.webui.keyword.builtin.SetEncryptedTextKeyword$_setEncryptedText_closure1.doCall(SetEncryptedTextKeyword.groovy:82)
java.base/jdk.internal.reflect.NativeMethodAccessorImpl.invoke0(Native Method)
java.base/jdk.internal.reflect.NativeMethodAccessorImpl.invoke(NativeMethodAccessorImpl.java:77)
java.base/jdk.internal.reflect.DelegatingMethodAccessorImpl.invoke(DelegatingMethodAccessorImpl.java:43)
jdk.proxy2/jdk.proxy2.$Proxy46.execute(Unknown Source)
com.kms.katalon.core.webui.model.SeleniumActionRetryController.performAction(SeleniumActionRetryController.java:96)
com.kms.katalon.core.webui.model.SeleniumActionRetryController.performAction(SeleniumActionRetryController.java:83)
com.kms.katalon.core.webui.keyword.internal.WebUIKeywordMain$_runKeywordUntilTimeout_closure1.doCall(WebUIKeywordMain.groovy:135)
com.kms.katalon.core.webui.keyword.internal.WebUIKeywordMain$_runKeywordUntilTimeout_closure1.call(WebUIKeywordMain.groovy)
com.kms.katalon.core.webui.keyword.internal.WebUIKeywordMain.runKeyword(WebUIKeywordMain.groovy:41)
com.kms.katalon.core.webui.keyword.internal.WebUIKeywordMain.runKeywordUntilTimeout(WebUIKeywordMain.groovy:133)
com.kms.katalon.core.webui.keyword.builtin.SetEncryptedTextKeyword.setEncryptedText(SetEncryptedTextKeyword.groovy:88)
com.kms.katalon.core.webui.keyword.builtin.SetEncryptedTextKeyword.execute(SetEncryptedTextKeyword.groovy:48)
com.kms.katalon.core.keyword.internal.KeywordExecutor.executeKeywordForPlatform(KeywordExecutor.groovy:89)
com.kms.katalon.core.webui.keyword.WebUiBuiltInKeywords.setEncryptedText(WebUiBuiltInKeywords.groovy:1112)
staff-approval stage (kj reject).run(staff-approval stage (kj reject):54)
</property>
</record>
<record>
  <date>2026-01-06T05:20:31.801943Z</date>
  <millis>1767676831801</millis>
  <nanos>943000</nanos>
  <sequence>363</sequence>
  <level>END</level>
  <class>com.kms.katalon.core.logging.XmlKeywordLogger</class>
  <method>endKeyword</method>
  <thread>1</thread>
  <message>End action : setEncryptedText(findTestObject(&amp;quot;Object Repository/PAP-ALL (KJ REJECT)/Page_MBSP - Log Masuk/input__password&amp;quot;), &amp;quot;ReS8CS55u3r9nXfefBFv2A==&amp;quot;)</message>
  <nestedLevel>1</nestedLevel>
  <escapedJava>false</escapedJava>
</record>
<record>
  <date>2026-01-06T05:20:31.801943Z</date>
  <millis>1767676831801</millis>
  <nanos>943000</nanos>
  <sequence>364</sequence>
  <level>START</level>
  <class>com.kms.katalon.core.logging.XmlKeywordLogger</class>
  <method>startKeyword</method>
  <thread>1</thread>
  <message>Start action : click(findTestObject(&amp;quot;Object Repository/PAP-ALL (KJ REJECT)/Page_MBSP - Log Masuk/button__login_button&amp;quot;))</message>
  <nestedLevel>1</nestedLevel>
  <escapedJava>false</escapedJava>
  <property name="startLine">56</property>
  <property name="stepIndex">18</property>
</record>
<record>
  <date>2026-01-06T05:20:34.359036400Z</date>
  <millis>1767676834359</millis>
  <nanos>36400</nanos>
  <sequence>375</sequence>
  <level>PASSED</level>
  <class>com.kms.katalon.core.logging.XmlKeywordLogger</class>
  <method>logMessage</method>
  <thread>1</thread>
  <message>Object: &amp;apos;Object Repository/PAP-ALL (KJ REJECT)/Page_MBSP - Log Masuk/button__login_button&amp;apos; is clicked on</message>
  <nestedLevel>1</nestedLevel>
  <escapedJava>false</escapedJava>
  <property name="testops-method-name">com.kms.katalon.core.webui.keyword.internal.WebUIKeywordMain.runKeywordUntilTimeout</property>
  <property name="testops-execution-stacktrace">com.kms.katalon.core.logging.KeywordLogger.logPassed(KeywordLogger.java:332)
com.kms.katalon.core.logging.KeywordLogger.logPassed(KeywordLogger.java:327)
com.kms.katalon.core.webui.keyword.builtin.ClickKeyword$_click_closure1.doCall(ClickKeyword.groovy:59)
java.base/jdk.internal.reflect.NativeMethodAccessorImpl.invoke0(Native Method)
java.base/jdk.internal.reflect.NativeMethodAccessorImpl.invoke(NativeMethodAccessorImpl.java:77)
java.base/jdk.internal.reflect.DelegatingMethodAccessorImpl.invoke(DelegatingMethodAccessorImpl.java:43)
jdk.proxy2/jdk.proxy2.$Proxy46.execute(Unknown Source)
com.kms.katalon.core.webui.model.SeleniumActionRetryController.performAction(SeleniumActionRetryController.java:96)
com.kms.katalon.core.webui.model.SeleniumActionRetryController.performAction(SeleniumActionRetryController.java:83)
com.kms.katalon.core.webui.keyword.internal.WebUIKeywordMain$_runKeywordUntilTimeout_closure1.doCall(WebUIKeywordMain.groovy:135)
com.kms.katalon.core.webui.keyword.internal.WebUIKeywordMain$_runKeywordUntilTimeout_closure1.call(WebUIKeywordMain.groovy)
com.kms.katalon.core.webui.keyword.internal.WebUIKeywordMain.runKeyword(WebUIKeywordMain.groovy:41)
com.kms.katalon.core.webui.keyword.internal.WebUIKeywordMain.runKeywordUntilTimeout(WebUIKeywordMain.groovy:133)
com.kms.katalon.core.webui.keyword.builtin.ClickKeyword.click(ClickKeyword.groovy:65)
com.kms.katalon.core.webui.keyword.builtin.ClickKeyword.execute(ClickKeyword.groovy:38)
com.kms.katalon.core.keyword.internal.KeywordExecutor.executeKeywordForPlatform(KeywordExecutor.groovy:89)
com.kms.katalon.core.webui.keyword.WebUiBuiltInKeywords.click(WebUiBuiltInKeywords.groovy:721)
staff-approval stage (kj reject).run(staff-approval stage (kj reject):56)
</property>
</record>
<record>
  <date>2026-01-06T05:20:34.360030700Z</date>
  <millis>1767676834360</millis>
  <nanos>30700</nanos>
  <sequence>376</sequence>
  <level>END</level>
  <class>com.kms.katalon.core.logging.XmlKeywordLogger</class>
  <method>endKeyword</method>
  <thread>1</thread>
  <message>End action : click(findTestObject(&amp;quot;Object Repository/PAP-ALL (KJ REJECT)/Page_MBSP - Log Masuk/button__login_button&amp;quot;))</message>
  <nestedLevel>1</nestedLevel>
  <escapedJava>false</escapedJava>
</record>
<record>
  <date>2026-01-06T05:20:34.360030700Z</date>
  <millis>1767676834360</millis>
  <nanos>30700</nanos>
  <sequence>377</sequence>
  <level>START</level>
  <class>com.kms.katalon.core.logging.XmlKeywordLogger</class>
  <method>startKeyword</method>
  <thread>1</thread>
  <message>Start action : click(findTestObject(&amp;quot;Object Repository/PAP-ALL (KJ REJECT)/Page_MBSP - Dashboard/span_Lapor Diri_dash-mtext&amp;quot;))</message>
  <nestedLevel>1</nestedLevel>
  <escapedJava>false</escapedJava>
  <property name="startLine">58</property>
  <property name="stepIndex">19</property>
</record>
<record>
  <date>2026-01-06T05:20:34.925459400Z</date>
  <millis>1767676834925</millis>
  <nanos>459400</nanos>
  <sequence>388</sequence>
  <level>PASSED</level>
  <class>com.kms.katalon.core.logging.XmlKeywordLogger</class>
  <method>logMessage</method>
  <thread>1</thread>
  <message>Object: &amp;apos;Object Repository/PAP-ALL (KJ REJECT)/Page_MBSP - Dashboard/span_Lapor Diri_dash-mtext&amp;apos; is clicked on</message>
  <nestedLevel>1</nestedLevel>
  <escapedJava>false</escapedJava>
  <property name="testops-method-name">com.kms.katalon.core.webui.keyword.internal.WebUIKeywordMain.runKeywordUntilTimeout</property>
  <property name="testops-execution-stacktrace">com.kms.katalon.core.logging.KeywordLogger.logPassed(KeywordLogger.java:332)
com.kms.katalon.core.logging.KeywordLogger.logPassed(KeywordLogger.java:327)
com.kms.katalon.core.webui.keyword.builtin.ClickKeyword$_click_closure1.doCall(ClickKeyword.groovy:59)
java.base/jdk.internal.reflect.NativeMethodAccessorImpl.invoke0(Native Method)
java.base/jdk.internal.reflect.NativeMethodAccessorImpl.invoke(NativeMethodAccessorImpl.java:77)
java.base/jdk.internal.reflect.DelegatingMethodAccessorImpl.invoke(DelegatingMethodAccessorImpl.java:43)
jdk.proxy2/jdk.proxy2.$Proxy46.execute(Unknown Source)
com.kms.katalon.core.webui.model.SeleniumActionRetryController.performAction(SeleniumActionRetryController.java:96)
com.kms.katalon.core.webui.model.SeleniumActionRetryController.performAction(SeleniumActionRetryController.java:83)
com.kms.katalon.core.webui.keyword.internal.WebUIKeywordMain$_runKeywordUntilTimeout_closure1.doCall(WebUIKeywordMain.groovy:135)
com.kms.katalon.core.webui.keyword.internal.WebUIKeywordMain$_runKeywordUntilTimeout_closure1.call(WebUIKeywordMain.groovy)
com.kms.katalon.core.webui.keyword.internal.WebUIKeywordMain.runKeyword(WebUIKeywordMain.groovy:41)
com.kms.katalon.core.webui.keyword.internal.WebUIKeywordMain.runKeywordUntilTimeout(WebUIKeywordMain.groovy:133)
com.kms.katalon.core.webui.keyword.builtin.ClickKeyword.click(ClickKeyword.groovy:65)
com.kms.katalon.core.webui.keyword.builtin.ClickKeyword.execute(ClickKeyword.groovy:38)
com.kms.katalon.core.keyword.internal.KeywordExecutor.executeKeywordForPlatform(KeywordExecutor.groovy:89)
com.kms.katalon.core.webui.keyword.WebUiBuiltInKeywords.click(WebUiBuiltInKeywords.groovy:721)
staff-approval stage (kj reject).run(staff-approval stage (kj reject):58)
</property>
</record>
<record>
  <date>2026-01-06T05:20:34.926456100Z</date>
  <millis>1767676834926</millis>
  <nanos>456100</nanos>
  <sequence>389</sequence>
  <level>END</level>
  <class>com.kms.katalon.core.logging.XmlKeywordLogger</class>
  <method>endKeyword</method>
  <thread>1</thread>
  <message>End action : click(findTestObject(&amp;quot;Object Repository/PAP-ALL (KJ REJECT)/Page_MBSP - Dashboard/span_Lapor Diri_dash-mtext&amp;quot;))</message>
  <nestedLevel>1</nestedLevel>
  <escapedJava>false</escapedJava>
</record>
<record>
  <date>2026-01-06T05:20:34.927458Z</date>
  <millis>1767676834927</millis>
  <nanos>458000</nanos>
  <sequence>390</sequence>
  <level>START</level>
  <class>com.kms.katalon.core.logging.XmlKeywordLogger</class>
  <method>startKeyword</method>
  <thread>1</thread>
  <message>Start action : click(findTestObject(&amp;quot;Object Repository/PAP-ALL (KJ REJECT)/Page_MBSP - Dashboard/span_Permohonan TanahSaham_dash-mtext&amp;quot;))</message>
  <nestedLevel>1</nestedLevel>
  <escapedJava>false</escapedJava>
  <property name="startLine">60</property>
  <property name="stepIndex">20</property>
</record>
<record>
  <date>2026-01-06T05:20:36.137241Z</date>
  <millis>1767676836137</millis>
  <nanos>241000</nanos>
  <sequence>401</sequence>
  <level>PASSED</level>
  <class>com.kms.katalon.core.logging.XmlKeywordLogger</class>
  <method>logMessage</method>
  <thread>1</thread>
  <message>Object: &amp;apos;Object Repository/PAP-ALL (KJ REJECT)/Page_MBSP - Dashboard/span_Permohonan TanahSaham_dash-mtext&amp;apos; is clicked on</message>
  <nestedLevel>1</nestedLevel>
  <escapedJava>false</escapedJava>
  <property name="testops-method-name">com.kms.katalon.core.webui.keyword.internal.WebUIKeywordMain.runKeywordUntilTimeout</property>
  <property name="testops-execution-stacktrace">com.kms.katalon.core.logging.KeywordLogger.logPassed(KeywordLogger.java:332)
com.kms.katalon.core.logging.KeywordLogger.logPassed(KeywordLogger.java:327)
com.kms.katalon.core.webui.keyword.builtin.ClickKeyword$_click_closure1.doCall(ClickKeyword.groovy:59)
jdk.internal.reflect.GeneratedMethodAccessor22.invoke(Unknown Source)
java.base/jdk.internal.reflect.DelegatingMethodAccessorImpl.invoke(DelegatingMethodAccessorImpl.java:43)
jdk.proxy2/jdk.proxy2.$Proxy46.execute(Unknown Source)
com.kms.katalon.core.webui.model.SeleniumActionRetryController.performAction(SeleniumActionRetryController.java:96)
com.kms.katalon.core.webui.model.SeleniumActionRetryController.performAction(SeleniumActionRetryController.java:83)
com.kms.katalon.core.webui.keyword.internal.WebUIKeywordMain$_runKeywordUntilTimeout_closure1.doCall(WebUIKeywordMain.groovy:135)
com.kms.katalon.core.webui.keyword.internal.WebUIKeywordMain$_runKeywordUntilTimeout_closure1.call(WebUIKeywordMain.groovy)
com.kms.katalon.core.webui.keyword.internal.WebUIKeywordMain.runKeyword(WebUIKeywordMain.groovy:41)
com.kms.katalon.core.webui.keyword.internal.WebUIKeywordMain.runKeywordUntilTimeout(WebUIKeywordMain.groovy:133)
com.kms.katalon.core.webui.keyword.builtin.ClickKeyword.click(ClickKeyword.groovy:65)
com.kms.katalon.core.webui.keyword.builtin.ClickKeyword.execute(ClickKeyword.groovy:38)
com.kms.katalon.core.keyword.internal.KeywordExecutor.executeKeywordForPlatform(KeywordExecutor.groovy:89)
com.kms.katalon.core.webui.keyword.WebUiBuiltInKeywords.click(WebUiBuiltInKeywords.groovy:721)
staff-approval stage (kj reject).run(staff-approval stage (kj reject):60)
</property>
</record>
<record>
  <date>2026-01-06T05:20:36.138230300Z</date>
  <millis>1767676836138</millis>
  <nanos>230300</nanos>
  <sequence>402</sequence>
  <level>END</level>
  <class>com.kms.katalon.core.logging.XmlKeywordLogger</class>
  <method>endKeyword</method>
  <thread>1</thread>
  <message>End action : click(findTestObject(&amp;quot;Object Repository/PAP-ALL (KJ REJECT)/Page_MBSP - Dashboard/span_Permohonan TanahSaham_dash-mtext&amp;quot;))</message>
  <nestedLevel>1</nestedLevel>
  <escapedJava>false</escapedJava>
</record>
<record>
  <date>2026-01-06T05:20:36.139225700Z</date>
  <millis>1767676836139</millis>
  <nanos>225700</nanos>
  <sequence>403</sequence>
  <level>START</level>
  <class>com.kms.katalon.core.logging.XmlKeywordLogger</class>
  <method>startKeyword</method>
  <thread>1</thread>
  <message>Start action : click(findTestObject(&amp;quot;Object Repository/PAP-ALL (KJ REJECT)/Page_MBSP - Pemakluman Penglibatan Politik/button_Permohonan Saya_kelulusan-tab&amp;quot;))</message>
  <nestedLevel>1</nestedLevel>
  <escapedJava>false</escapedJava>
  <property name="startLine">62</property>
  <property name="stepIndex">21</property>
</record>
<record>
  <date>2026-01-06T05:20:37.138622Z</date>
  <millis>1767676837138</millis>
  <nanos>622000</nanos>
  <sequence>414</sequence>
  <level>PASSED</level>
  <class>com.kms.katalon.core.logging.XmlKeywordLogger</class>
  <method>logMessage</method>
  <thread>1</thread>
  <message>Object: &amp;apos;Object Repository/PAP-ALL (KJ REJECT)/Page_MBSP - Pemakluman Penglibatan Politik/button_Permohonan Saya_kelulusan-tab&amp;apos; is clicked on</message>
  <nestedLevel>1</nestedLevel>
  <escapedJava>false</escapedJava>
  <property name="testops-method-name">com.kms.katalon.core.webui.keyword.internal.WebUIKeywordMain.runKeywordUntilTimeout</property>
  <property name="testops-execution-stacktrace">com.kms.katalon.core.logging.KeywordLogger.logPassed(KeywordLogger.java:332)
com.kms.katalon.core.logging.KeywordLogger.logPassed(KeywordLogger.java:327)
com.kms.katalon.core.webui.keyword.builtin.ClickKeyword$_click_closure1.doCall(ClickKeyword.groovy:59)
jdk.internal.reflect.GeneratedMethodAccessor22.invoke(Unknown Source)
java.base/jdk.internal.reflect.DelegatingMethodAccessorImpl.invoke(DelegatingMethodAccessorImpl.java:43)
jdk.proxy2/jdk.proxy2.$Proxy46.execute(Unknown Source)
com.kms.katalon.core.webui.model.SeleniumActionRetryController.performAction(SeleniumActionRetryController.java:96)
com.kms.katalon.core.webui.model.SeleniumActionRetryController.performAction(SeleniumActionRetryController.java:83)
com.kms.katalon.core.webui.keyword.internal.WebUIKeywordMain$_runKeywordUntilTimeout_closure1.doCall(WebUIKeywordMain.groovy:135)
com.kms.katalon.core.webui.keyword.internal.WebUIKeywordMain$_runKeywordUntilTimeout_closure1.call(WebUIKeywordMain.groovy)
com.kms.katalon.core.webui.keyword.internal.WebUIKeywordMain.runKeyword(WebUIKeywordMain.groovy:41)
com.kms.katalon.core.webui.keyword.internal.WebUIKeywordMain.runKeywordUntilTimeout(WebUIKeywordMain.groovy:133)
com.kms.katalon.core.webui.keyword.builtin.ClickKeyword.click(ClickKeyword.groovy:65)
com.kms.katalon.core.webui.keyword.builtin.ClickKeyword.execute(ClickKeyword.groovy:38)
com.kms.katalon.core.keyword.internal.KeywordExecutor.executeKeywordForPlatform(KeywordExecutor.groovy:89)
com.kms.katalon.core.webui.keyword.WebUiBuiltInKeywords.click(WebUiBuiltInKeywords.groovy:721)
staff-approval stage (kj reject).run(staff-approval stage (kj reject):62)
</property>
</record>
<record>
  <date>2026-01-06T05:20:37.139651800Z</date>
  <millis>1767676837139</millis>
  <nanos>651800</nanos>
  <sequence>415</sequence>
  <level>END</level>
  <class>com.kms.katalon.core.logging.XmlKeywordLogger</class>
  <method>endKeyword</method>
  <thread>1</thread>
  <message>End action : click(findTestObject(&amp;quot;Object Repository/PAP-ALL (KJ REJECT)/Page_MBSP - Pemakluman Penglibatan Politik/button_Permohonan Saya_kelulusan-tab&amp;quot;))</message>
  <nestedLevel>1</nestedLevel>
  <escapedJava>false</escapedJava>
</record>
<record>
  <date>2026-01-06T05:20:37.140616600Z</date>
  <millis>1767676837140</millis>
  <nanos>616600</nanos>
  <sequence>416</sequence>
  <level>START</level>
  <class>com.kms.katalon.core.logging.XmlKeywordLogger</class>
  <method>startKeyword</method>
  <thread>1</thread>
  <message>Start action : click(findTestObject(&amp;quot;Object Repository/PAP-ALL (KJ REJECT)/Page_MBSP - Pemakluman Penglibatan Politik/a_Dalam Semakan_mx-3 btn btn-sm d-flex alig_e6527c&amp;quot;))</message>
  <nestedLevel>1</nestedLevel>
  <escapedJava>false</escapedJava>
  <property name="startLine">64</property>
  <property name="stepIndex">22</property>
</record>
<record>
  <date>2026-01-06T05:20:38.979171500Z</date>
  <millis>1767676838979</millis>
  <nanos>171500</nanos>
  <sequence>427</sequence>
  <level>PASSED</level>
  <class>com.kms.katalon.core.logging.XmlKeywordLogger</class>
  <method>logMessage</method>
  <thread>1</thread>
  <message>Object: &amp;apos;Object Repository/PAP-ALL (KJ REJECT)/Page_MBSP - Pemakluman Penglibatan Politik/a_Dalam Semakan_mx-3 btn btn-sm d-flex alig_e6527c&amp;apos; is clicked on</message>
  <nestedLevel>1</nestedLevel>
  <escapedJava>false</escapedJava>
  <property name="testops-method-name">com.kms.katalon.core.webui.keyword.internal.WebUIKeywordMain.runKeywordUntilTimeout</property>
  <property name="testops-execution-stacktrace">com.kms.katalon.core.logging.KeywordLogger.logPassed(KeywordLogger.java:332)
com.kms.katalon.core.logging.KeywordLogger.logPassed(KeywordLogger.java:327)
com.kms.katalon.core.webui.keyword.builtin.ClickKeyword$_click_closure1.doCall(ClickKeyword.groovy:59)
jdk.internal.reflect.GeneratedMethodAccessor22.invoke(Unknown Source)
java.base/jdk.internal.reflect.DelegatingMethodAccessorImpl.invoke(DelegatingMethodAccessorImpl.java:43)
jdk.proxy2/jdk.proxy2.$Proxy46.execute(Unknown Source)
com.kms.katalon.core.webui.model.SeleniumActionRetryController.performAction(SeleniumActionRetryController.java:96)
com.kms.katalon.core.webui.model.SeleniumActionRetryController.performAction(SeleniumActionRetryController.java:83)
com.kms.katalon.core.webui.keyword.internal.WebUIKeywordMain$_runKeywordUntilTimeout_closure1.doCall(WebUIKeywordMain.groovy:135)
com.kms.katalon.core.webui.keyword.internal.WebUIKeywordMain$_runKeywordUntilTimeout_closure1.call(WebUIKeywordMain.groovy)
com.kms.katalon.core.webui.keyword.internal.WebUIKeywordMain.runKeyword(WebUIKeywordMain.groovy:41)
com.kms.katalon.core.webui.keyword.internal.WebUIKeywordMain.runKeywordUntilTimeout(WebUIKeywordMain.groovy:133)
com.kms.katalon.core.webui.keyword.builtin.ClickKeyword.click(ClickKeyword.groovy:65)
com.kms.katalon.core.webui.keyword.builtin.ClickKeyword.execute(ClickKeyword.groovy:38)
com.kms.katalon.core.keyword.internal.KeywordExecutor.executeKeywordForPlatform(KeywordExecutor.groovy:89)
com.kms.katalon.core.webui.keyword.WebUiBuiltInKeywords.click(WebUiBuiltInKeywords.groovy:721)
staff-approval stage (kj reject).run(staff-approval stage (kj reject):64)
</property>
</record>
<record>
  <date>2026-01-06T05:20:38.981165700Z</date>
  <millis>1767676838981</millis>
  <nanos>165700</nanos>
  <sequence>428</sequence>
  <level>END</level>
  <class>com.kms.katalon.core.logging.XmlKeywordLogger</class>
  <method>endKeyword</method>
  <thread>1</thread>
  <message>End action : click(findTestObject(&amp;quot;Object Repository/PAP-ALL (KJ REJECT)/Page_MBSP - Pemakluman Penglibatan Politik/a_Dalam Semakan_mx-3 btn btn-sm d-flex alig_e6527c&amp;quot;))</message>
  <nestedLevel>1</nestedLevel>
  <escapedJava>false</escapedJava>
</record>
<record>
  <date>2026-01-06T05:20:38.981165700Z</date>
  <millis>1767676838981</millis>
  <nanos>165700</nanos>
  <sequence>429</sequence>
  <level>START</level>
  <class>com.kms.katalon.core.logging.XmlKeywordLogger</class>
  <method>startKeyword</method>
  <thread>1</thread>
  <message>Start action : selectOptionByValue(findTestObject(&amp;quot;Object Repository/PAP-ALL (KJ REJECT)/Page_MBSP - Proses Kelulusan Permohonan Akt_2f367e/select__decision&amp;quot;), &amp;quot;reject&amp;quot;, true)</message>
  <nestedLevel>1</nestedLevel>
  <escapedJava>false</escapedJava>
  <property name="startLine">66</property>
  <property name="stepIndex">23</property>
</record>
<record>
  <date>2026-01-06T05:20:40.006866400Z</date>
  <millis>1767676840006</millis>
  <nanos>866400</nanos>
  <sequence>442</sequence>
  <level>PASSED</level>
  <class>com.kms.katalon.core.logging.XmlKeywordLogger</class>
  <method>logMessage</method>
  <thread>1</thread>
  <message>All options with value &amp;apos;reject&amp;apos; are selected in object &amp;apos;Object Repository/PAP-ALL (KJ REJECT)/Page_MBSP - Proses Kelulusan Permohonan Akt_2f367e/select__decision&amp;apos;  using regular expression</message>
  <nestedLevel>1</nestedLevel>
  <escapedJava>false</escapedJava>
  <property name="testops-method-name">com.kms.katalon.core.webui.keyword.internal.WebUIKeywordMain.runKeywordUntilTimeout</property>
  <property name="testops-execution-stacktrace">com.kms.katalon.core.logging.KeywordLogger.logPassed(KeywordLogger.java:332)
com.kms.katalon.core.logging.KeywordLogger.logPassed(KeywordLogger.java:327)
com.kms.katalon.core.webui.keyword.builtin.SelectOptionByValueKeyword$_selectOptionByValue_closure1.doCall(SelectOptionByValueKeyword.groovy:70)
java.base/jdk.internal.reflect.NativeMethodAccessorImpl.invoke0(Native Method)
java.base/jdk.internal.reflect.NativeMethodAccessorImpl.invoke(NativeMethodAccessorImpl.java:77)
java.base/jdk.internal.reflect.DelegatingMethodAccessorImpl.invoke(DelegatingMethodAccessorImpl.java:43)
jdk.proxy2/jdk.proxy2.$Proxy46.execute(Unknown Source)
com.kms.katalon.core.webui.model.SeleniumActionRetryController.performAction(SeleniumActionRetryController.java:96)
com.kms.katalon.core.webui.model.SeleniumActionRetryController.performAction(SeleniumActionRetryController.java:83)
com.kms.katalon.core.webui.keyword.internal.WebUIKeywordMain$_runKeywordUntilTimeout_closure1.doCall(WebUIKeywordMain.groovy:135)
com.kms.katalon.core.webui.keyword.internal.WebUIKeywordMain$_runKeywordUntilTimeout_closure1.call(WebUIKeywordMain.groovy)
com.kms.katalon.core.webui.keyword.internal.WebUIKeywordMain.runKeyword(WebUIKeywordMain.groovy:41)
com.kms.katalon.core.webui.keyword.internal.WebUIKeywordMain.runKeywordUntilTimeout(WebUIKeywordMain.groovy:133)
com.kms.katalon.core.webui.keyword.builtin.SelectOptionByValueKeyword.selectOptionByValue(SelectOptionByValueKeyword.groovy:79)
com.kms.katalon.core.webui.keyword.builtin.SelectOptionByValueKeyword.execute(SelectOptionByValueKeyword.groovy:44)
com.kms.katalon.core.keyword.internal.KeywordExecutor.executeKeywordForPlatform(KeywordExecutor.groovy:89)
com.kms.katalon.core.webui.keyword.WebUiBuiltInKeywords.selectOptionByValue(WebUiBuiltInKeywords.groovy:1269)
staff-approval stage (kj reject).run(staff-approval stage (kj reject):66)
</property>
</record>
<record>
  <date>2026-01-06T05:20:40.006866400Z</date>
  <millis>1767676840006</millis>
  <nanos>866400</nanos>
  <sequence>443</sequence>
  <level>END</level>
  <class>com.kms.katalon.core.logging.XmlKeywordLogger</class>
  <method>endKeyword</method>
  <thread>1</thread>
  <message>End action : selectOptionByValue(findTestObject(&amp;quot;Object Repository/PAP-ALL (KJ REJECT)/Page_MBSP - Proses Kelulusan Permohonan Akt_2f367e/select__decision&amp;quot;), &amp;quot;reject&amp;quot;, true)</message>
  <nestedLevel>1</nestedLevel>
  <escapedJava>false</escapedJava>
</record>
<record>
  <date>2026-01-06T05:20:40.006866400Z</date>
  <millis>1767676840006</millis>
  <nanos>866400</nanos>
  <sequence>444</sequence>
  <level>START</level>
  <class>com.kms.katalon.core.logging.XmlKeywordLogger</class>
  <method>startKeyword</method>
  <thread>1</thread>
  <message>Start action : setText(findTestObject(&amp;quot;Object Repository/PAP-ALL (KJ REJECT)/Page_MBSP - Proses Kelulusan Permohonan Akt_2f367e/textarea_Catatan  Komen_remarks&amp;quot;), &amp;quot;TIDAK LAYAK&amp;quot;)</message>
  <nestedLevel>1</nestedLevel>
  <escapedJava>false</escapedJava>
  <property name="startLine">69</property>
  <property name="stepIndex">24</property>
</record>
<record>
  <date>2026-01-06T05:20:40.870711600Z</date>
  <millis>1767676840870</millis>
  <nanos>711600</nanos>
  <sequence>458</sequence>
  <level>PASSED</level>
  <class>com.kms.katalon.core.logging.XmlKeywordLogger</class>
  <method>logMessage</method>
  <thread>1</thread>
  <message>Text &amp;apos;TIDAK LAYAK&amp;apos; is set on object &amp;apos;Object Repository/PAP-ALL (KJ REJECT)/Page_MBSP - Proses Kelulusan Permohonan Akt_2f367e/textarea_Catatan  Komen_remarks&amp;apos;</message>
  <nestedLevel>1</nestedLevel>
  <escapedJava>false</escapedJava>
  <property name="testops-method-name">com.kms.katalon.core.webui.keyword.internal.WebUIKeywordMain.runKeywordUntilTimeout</property>
  <property name="testops-execution-stacktrace">com.kms.katalon.core.logging.KeywordLogger.logPassed(KeywordLogger.java:332)
com.kms.katalon.core.logging.KeywordLogger.logPassed(KeywordLogger.java:327)
com.kms.katalon.core.webui.keyword.builtin.SetTextKeyword$_setText_closure1.doCall(SetTextKeyword.groovy:99)
java.base/jdk.internal.reflect.NativeMethodAccessorImpl.invoke0(Native Method)
java.base/jdk.internal.reflect.NativeMethodAccessorImpl.invoke(NativeMethodAccessorImpl.java:77)
java.base/jdk.internal.reflect.DelegatingMethodAccessorImpl.invoke(DelegatingMethodAccessorImpl.java:43)
jdk.proxy2/jdk.proxy2.$Proxy46.execute(Unknown Source)
com.kms.katalon.core.webui.model.SeleniumActionRetryController.performAction(SeleniumActionRetryController.java:96)
com.kms.katalon.core.webui.model.SeleniumActionRetryController.performAction(SeleniumActionRetryController.java:83)
com.kms.katalon.core.webui.keyword.internal.WebUIKeywordMain$_runKeywordUntilTimeout_closure1.doCall(WebUIKeywordMain.groovy:135)
com.kms.katalon.core.webui.keyword.internal.WebUIKeywordMain$_runKeywordUntilTimeout_closure1.call(WebUIKeywordMain.groovy)
com.kms.katalon.core.webui.keyword.internal.WebUIKeywordMain.runKeyword(WebUIKeywordMain.groovy:41)
com.kms.katalon.core.webui.keyword.internal.WebUIKeywordMain.runKeywordUntilTimeout(WebUIKeywordMain.groovy:133)
com.kms.katalon.core.webui.keyword.builtin.SetTextKeyword.setText(SetTextKeyword.groovy:106)
com.kms.katalon.core.webui.keyword.builtin.SetTextKeyword.execute(SetTextKeyword.groovy:49)
com.kms.katalon.core.keyword.internal.KeywordExecutor.executeKeywordForPlatform(KeywordExecutor.groovy:89)
com.kms.katalon.core.webui.keyword.WebUiBuiltInKeywords.setText(WebUiBuiltInKeywords.groovy:1081)
staff-approval stage (kj reject).run(staff-approval stage (kj reject):69)
</property>
</record>
<record>
  <date>2026-01-06T05:20:40.872606600Z</date>
  <millis>1767676840872</millis>
  <nanos>606600</nanos>
  <sequence>459</sequence>
  <level>END</level>
  <class>com.kms.katalon.core.logging.XmlKeywordLogger</class>
  <method>endKeyword</method>
  <thread>1</thread>
  <message>End action : setText(findTestObject(&amp;quot;Object Repository/PAP-ALL (KJ REJECT)/Page_MBSP - Proses Kelulusan Permohonan Akt_2f367e/textarea_Catatan  Komen_remarks&amp;quot;), &amp;quot;TIDAK LAYAK&amp;quot;)</message>
  <nestedLevel>1</nestedLevel>
  <escapedJava>false</escapedJava>
</record>
<record>
  <date>2026-01-06T05:20:40.872606600Z</date>
  <millis>1767676840872</millis>
  <nanos>606600</nanos>
  <sequence>460</sequence>
  <level>START</level>
  <class>com.kms.katalon.core.logging.XmlKeywordLogger</class>
  <method>startKeyword</method>
  <thread>1</thread>
  <message>Start action : click(findTestObject(&amp;quot;Object Repository/PAP-ALL (KJ REJECT)/Page_MBSP - Proses Kelulusan Permohonan Akt_2f367e/button_Kembali_btn btn-primary&amp;quot;))</message>
  <nestedLevel>1</nestedLevel>
  <escapedJava>false</escapedJava>
  <property name="startLine">72</property>
  <property name="stepIndex">25</property>
</record>
<record>
  <date>2026-01-06T05:20:41.207637800Z</date>
  <millis>1767676841207</millis>
  <nanos>637800</nanos>
  <sequence>471</sequence>
  <level>PASSED</level>
  <class>com.kms.katalon.core.logging.XmlKeywordLogger</class>
  <method>logMessage</method>
  <thread>1</thread>
  <message>Object: &amp;apos;Object Repository/PAP-ALL (KJ REJECT)/Page_MBSP - Proses Kelulusan Permohonan Akt_2f367e/button_Kembali_btn btn-primary&amp;apos; is clicked on</message>
  <nestedLevel>1</nestedLevel>
  <escapedJava>false</escapedJava>
  <property name="testops-method-name">com.kms.katalon.core.webui.keyword.internal.WebUIKeywordMain.runKeywordUntilTimeout</property>
  <property name="testops-execution-stacktrace">com.kms.katalon.core.logging.KeywordLogger.logPassed(KeywordLogger.java:332)
com.kms.katalon.core.logging.KeywordLogger.logPassed(KeywordLogger.java:327)
com.kms.katalon.core.webui.keyword.builtin.ClickKeyword$_click_closure1.doCall(ClickKeyword.groovy:59)
jdk.internal.reflect.GeneratedMethodAccessor22.invoke(Unknown Source)
java.base/jdk.internal.reflect.DelegatingMethodAccessorImpl.invoke(DelegatingMethodAccessorImpl.java:43)
jdk.proxy2/jdk.proxy2.$Proxy46.execute(Unknown Source)
com.kms.katalon.core.webui.model.SeleniumActionRetryController.performAction(SeleniumActionRetryController.java:96)
com.kms.katalon.core.webui.model.SeleniumActionRetryController.performAction(SeleniumActionRetryController.java:83)
com.kms.katalon.core.webui.keyword.internal.WebUIKeywordMain$_runKeywordUntilTimeout_closure1.doCall(WebUIKeywordMain.groovy:135)
com.kms.katalon.core.webui.keyword.internal.WebUIKeywordMain$_runKeywordUntilTimeout_closure1.call(WebUIKeywordMain.groovy)
com.kms.katalon.core.webui.keyword.internal.WebUIKeywordMain.runKeyword(WebUIKeywordMain.groovy:41)
com.kms.katalon.core.webui.keyword.internal.WebUIKeywordMain.runKeywordUntilTimeout(WebUIKeywordMain.groovy:133)
com.kms.katalon.core.webui.keyword.builtin.ClickKeyword.click(ClickKeyword.groovy:65)
com.kms.katalon.core.webui.keyword.builtin.ClickKeyword.execute(ClickKeyword.groovy:38)
com.kms.katalon.core.keyword.internal.KeywordExecutor.executeKeywordForPlatform(KeywordExecutor.groovy:89)
com.kms.katalon.core.webui.keyword.WebUiBuiltInKeywords.click(WebUiBuiltInKeywords.groovy:721)
staff-approval stage (kj reject).run(staff-approval stage (kj reject):72)
</property>
</record>
<record>
  <date>2026-01-06T05:20:41.208635800Z</date>
  <millis>1767676841208</millis>
  <nanos>635800</nanos>
  <sequence>472</sequence>
  <level>END</level>
  <class>com.kms.katalon.core.logging.XmlKeywordLogger</class>
  <method>endKeyword</method>
  <thread>1</thread>
  <message>End action : click(findTestObject(&amp;quot;Object Repository/PAP-ALL (KJ REJECT)/Page_MBSP - Proses Kelulusan Permohonan Akt_2f367e/button_Kembali_btn btn-primary&amp;quot;))</message>
  <nestedLevel>1</nestedLevel>
  <escapedJava>false</escapedJava>
</record>
<record>
  <date>2026-01-06T05:20:41.208635800Z</date>
  <millis>1767676841208</millis>
  <nanos>635800</nanos>
  <sequence>473</sequence>
  <level>START</level>
  <class>com.kms.katalon.core.logging.XmlKeywordLogger</class>
  <method>startKeyword</method>
  <thread>1</thread>
  <message>Start action : click(findTestObject(&amp;quot;Object Repository/PAP-ALL (KJ REJECT)/Page_MBSP - Pemakluman Penglibatan Politik/button_Permohonan Saya_kelulusan-tab&amp;quot;))</message>
  <nestedLevel>1</nestedLevel>
  <escapedJava>false</escapedJava>
  <property name="startLine">74</property>
  <property name="stepIndex">26</property>
</record>
<record>
  <date>2026-01-06T05:20:45.046903600Z</date>
  <millis>1767676845046</millis>
  <nanos>903600</nanos>
  <sequence>484</sequence>
  <level>PASSED</level>
  <class>com.kms.katalon.core.logging.XmlKeywordLogger</class>
  <method>logMessage</method>
  <thread>1</thread>
  <message>Object: &amp;apos;Object Repository/PAP-ALL (KJ REJECT)/Page_MBSP - Pemakluman Penglibatan Politik/button_Permohonan Saya_kelulusan-tab&amp;apos; is clicked on</message>
  <nestedLevel>1</nestedLevel>
  <escapedJava>false</escapedJava>
  <property name="testops-method-name">com.kms.katalon.core.webui.keyword.internal.WebUIKeywordMain.runKeywordUntilTimeout</property>
  <property name="testops-execution-stacktrace">com.kms.katalon.core.logging.KeywordLogger.logPassed(KeywordLogger.java:332)
com.kms.katalon.core.logging.KeywordLogger.logPassed(KeywordLogger.java:327)
com.kms.katalon.core.webui.keyword.builtin.ClickKeyword$_click_closure1.doCall(ClickKeyword.groovy:59)
jdk.internal.reflect.GeneratedMethodAccessor22.invoke(Unknown Source)
java.base/jdk.internal.reflect.DelegatingMethodAccessorImpl.invoke(DelegatingMethodAccessorImpl.java:43)
jdk.proxy2/jdk.proxy2.$Proxy46.execute(Unknown Source)
com.kms.katalon.core.webui.model.SeleniumActionRetryController.performAction(SeleniumActionRetryController.java:96)
com.kms.katalon.core.webui.model.SeleniumActionRetryController.performAction(SeleniumActionRetryController.java:83)
com.kms.katalon.core.webui.keyword.internal.WebUIKeywordMain$_runKeywordUntilTimeout_closure1.doCall(WebUIKeywordMain.groovy:135)
com.kms.katalon.core.webui.keyword.internal.WebUIKeywordMain$_runKeywordUntilTimeout_closure1.call(WebUIKeywordMain.groovy)
com.kms.katalon.core.webui.keyword.internal.WebUIKeywordMain.runKeyword(WebUIKeywordMain.groovy:41)
com.kms.katalon.core.webui.keyword.internal.WebUIKeywordMain.runKeywordUntilTimeout(WebUIKeywordMain.groovy:133)
com.kms.katalon.core.webui.keyword.builtin.ClickKeyword.click(ClickKeyword.groovy:65)
com.kms.katalon.core.webui.keyword.builtin.ClickKeyword.execute(ClickKeyword.groovy:38)
com.kms.katalon.core.keyword.internal.KeywordExecutor.executeKeywordForPlatform(KeywordExecutor.groovy:89)
com.kms.katalon.core.webui.keyword.WebUiBuiltInKeywords.click(WebUiBuiltInKeywords.groovy:721)
staff-approval stage (kj reject).run(staff-approval stage (kj reject):74)
</property>
</record>
<record>
  <date>2026-01-06T05:20:45.047911400Z</date>
  <millis>1767676845047</millis>
  <nanos>911400</nanos>
  <sequence>485</sequence>
  <level>END</level>
  <class>com.kms.katalon.core.logging.XmlKeywordLogger</class>
  <method>endKeyword</method>
  <thread>1</thread>
  <message>End action : click(findTestObject(&amp;quot;Object Repository/PAP-ALL (KJ REJECT)/Page_MBSP - Pemakluman Penglibatan Politik/button_Permohonan Saya_kelulusan-tab&amp;quot;))</message>
  <nestedLevel>1</nestedLevel>
  <escapedJava>false</escapedJava>
</record>
<record>
  <date>2026-01-06T05:20:45.048821200Z</date>
  <millis>1767676845048</millis>
  <nanos>821200</nanos>
  <sequence>486</sequence>
  <level>START</level>
  <class>com.kms.katalon.core.logging.XmlKeywordLogger</class>
  <method>startKeyword</method>
  <thread>1</thread>
  <message>Start action : click(findTestObject(&amp;quot;Object Repository/PAP-ALL (KJ REJECT)/Page_MBSP - Pemakluman Penglibatan Politik/a_Ditolak_mx-3 btn btn-sm d-flex align-item_2096f1&amp;quot;))</message>
  <nestedLevel>1</nestedLevel>
  <escapedJava>false</escapedJava>
  <property name="startLine">76</property>
  <property name="stepIndex">27</property>
</record>
<record>
  <date>2026-01-06T05:20:46.032535300Z</date>
  <millis>1767676846032</millis>
  <nanos>535300</nanos>
  <sequence>497</sequence>
  <level>PASSED</level>
  <class>com.kms.katalon.core.logging.XmlKeywordLogger</class>
  <method>logMessage</method>
  <thread>1</thread>
  <message>Object: &amp;apos;Object Repository/PAP-ALL (KJ REJECT)/Page_MBSP - Pemakluman Penglibatan Politik/a_Ditolak_mx-3 btn btn-sm d-flex align-item_2096f1&amp;apos; is clicked on</message>
  <nestedLevel>1</nestedLevel>
  <escapedJava>false</escapedJava>
  <property name="testops-method-name">com.kms.katalon.core.webui.keyword.internal.WebUIKeywordMain.runKeywordUntilTimeout</property>
  <property name="testops-execution-stacktrace">com.kms.katalon.core.logging.KeywordLogger.logPassed(KeywordLogger.java:332)
com.kms.katalon.core.logging.KeywordLogger.logPassed(KeywordLogger.java:327)
com.kms.katalon.core.webui.keyword.builtin.ClickKeyword$_click_closure1.doCall(ClickKeyword.groovy:59)
jdk.internal.reflect.GeneratedMethodAccessor22.invoke(Unknown Source)
java.base/jdk.internal.reflect.DelegatingMethodAccessorImpl.invoke(DelegatingMethodAccessorImpl.java:43)
jdk.proxy2/jdk.proxy2.$Proxy46.execute(Unknown Source)
com.kms.katalon.core.webui.model.SeleniumActionRetryController.performAction(SeleniumActionRetryController.java:96)
com.kms.katalon.core.webui.model.SeleniumActionRetryController.performAction(SeleniumActionRetryController.java:83)
com.kms.katalon.core.webui.keyword.internal.WebUIKeywordMain$_runKeywordUntilTimeout_closure1.doCall(WebUIKeywordMain.groovy:135)
com.kms.katalon.core.webui.keyword.internal.WebUIKeywordMain$_runKeywordUntilTimeout_closure1.call(WebUIKeywordMain.groovy)
com.kms.katalon.core.webui.keyword.internal.WebUIKeywordMain.runKeyword(WebUIKeywordMain.groovy:41)
com.kms.katalon.core.webui.keyword.internal.WebUIKeywordMain.runKeywordUntilTimeout(WebUIKeywordMain.groovy:133)
com.kms.katalon.core.webui.keyword.builtin.ClickKeyword.click(ClickKeyword.groovy:65)
com.kms.katalon.core.webui.keyword.builtin.ClickKeyword.execute(ClickKeyword.groovy:38)
com.kms.katalon.core.keyword.internal.KeywordExecutor.executeKeywordForPlatform(KeywordExecutor.groovy:89)
com.kms.katalon.core.webui.keyword.WebUiBuiltInKeywords.click(WebUiBuiltInKeywords.groovy:721)
staff-approval stage (kj reject).run(staff-approval stage (kj reject):76)
</property>
</record>
<record>
  <date>2026-01-06T05:20:46.035532700Z</date>
  <millis>1767676846035</millis>
  <nanos>532700</nanos>
  <sequence>498</sequence>
  <level>END</level>
  <class>com.kms.katalon.core.logging.XmlKeywordLogger</class>
  <method>endKeyword</method>
  <thread>1</thread>
  <message>End action : click(findTestObject(&amp;quot;Object Repository/PAP-ALL (KJ REJECT)/Page_MBSP - Pemakluman Penglibatan Politik/a_Ditolak_mx-3 btn btn-sm d-flex align-item_2096f1&amp;quot;))</message>
  <nestedLevel>1</nestedLevel>
  <escapedJava>false</escapedJava>
</record>
<record>
  <date>2026-01-06T05:20:46.036527500Z</date>
  <millis>1767676846036</millis>
  <nanos>527500</nanos>
  <sequence>499</sequence>
  <level>START</level>
  <class>com.kms.katalon.core.logging.XmlKeywordLogger</class>
  <method>startKeyword</method>
  <thread>1</thread>
  <message>Start action : click(findTestObject(&amp;quot;Object Repository/PAP-ALL (KJ REJECT)/Page_MBSP - Pemakluman Penglibatan Politik/button_Lihat Butiran Pemakluman Penglibatan_bf6d77&amp;quot;))</message>
  <nestedLevel>1</nestedLevel>
  <escapedJava>false</escapedJava>
  <property name="startLine">78</property>
  <property name="stepIndex">28</property>
</record>
<record>
  <date>2026-01-06T05:20:46.967127200Z</date>
  <millis>1767676846967</millis>
  <nanos>127200</nanos>
  <sequence>510</sequence>
  <level>PASSED</level>
  <class>com.kms.katalon.core.logging.XmlKeywordLogger</class>
  <method>logMessage</method>
  <thread>1</thread>
  <message>Object: &amp;apos;Object Repository/PAP-ALL (KJ REJECT)/Page_MBSP - Pemakluman Penglibatan Politik/button_Lihat Butiran Pemakluman Penglibatan_bf6d77&amp;apos; is clicked on</message>
  <nestedLevel>1</nestedLevel>
  <escapedJava>false</escapedJava>
  <property name="testops-method-name">com.kms.katalon.core.webui.keyword.internal.WebUIKeywordMain.runKeywordUntilTimeout</property>
  <property name="testops-execution-stacktrace">com.kms.katalon.core.logging.KeywordLogger.logPassed(KeywordLogger.java:332)
com.kms.katalon.core.logging.KeywordLogger.logPassed(KeywordLogger.java:327)
com.kms.katalon.core.webui.keyword.builtin.ClickKeyword$_click_closure1.doCall(ClickKeyword.groovy:59)
jdk.internal.reflect.GeneratedMethodAccessor22.invoke(Unknown Source)
java.base/jdk.internal.reflect.DelegatingMethodAccessorImpl.invoke(DelegatingMethodAccessorImpl.java:43)
jdk.proxy2/jdk.proxy2.$Proxy46.execute(Unknown Source)
com.kms.katalon.core.webui.model.SeleniumActionRetryController.performAction(SeleniumActionRetryController.java:96)
com.kms.katalon.core.webui.model.SeleniumActionRetryController.performAction(SeleniumActionRetryController.java:83)
com.kms.katalon.core.webui.keyword.internal.WebUIKeywordMain$_runKeywordUntilTimeout_closure1.doCall(WebUIKeywordMain.groovy:135)
com.kms.katalon.core.webui.keyword.internal.WebUIKeywordMain$_runKeywordUntilTimeout_closure1.call(WebUIKeywordMain.groovy)
com.kms.katalon.core.webui.keyword.internal.WebUIKeywordMain.runKeyword(WebUIKeywordMain.groovy:41)
com.kms.katalon.core.webui.keyword.internal.WebUIKeywordMain.runKeywordUntilTimeout(WebUIKeywordMain.groovy:133)
com.kms.katalon.core.webui.keyword.builtin.ClickKeyword.click(ClickKeyword.groovy:65)
com.kms.katalon.core.webui.keyword.builtin.ClickKeyword.execute(ClickKeyword.groovy:38)
com.kms.katalon.core.keyword.internal.KeywordExecutor.executeKeywordForPlatform(KeywordExecutor.groovy:89)
com.kms.katalon.core.webui.keyword.WebUiBuiltInKeywords.click(WebUiBuiltInKeywords.groovy:721)
staff-approval stage (kj reject).run(staff-approval stage (kj reject):78)
</property>
</record>
<record>
  <date>2026-01-06T05:20:46.967127200Z</date>
  <millis>1767676846967</millis>
  <nanos>127200</nanos>
  <sequence>511</sequence>
  <level>END</level>
  <class>com.kms.katalon.core.logging.XmlKeywordLogger</class>
  <method>endKeyword</method>
  <thread>1</thread>
  <message>End action : click(findTestObject(&amp;quot;Object Repository/PAP-ALL (KJ REJECT)/Page_MBSP - Pemakluman Penglibatan Politik/button_Lihat Butiran Pemakluman Penglibatan_bf6d77&amp;quot;))</message>
  <nestedLevel>1</nestedLevel>
  <escapedJava>false</escapedJava>
</record>
<record>
  <date>2026-01-06T05:20:46.967127200Z</date>
  <millis>1767676846967</millis>
  <nanos>127200</nanos>
  <sequence>512</sequence>
  <level>PASSED</level>
  <class>com.kms.katalon.core.logging.XmlKeywordLogger</class>
  <method>logMessage</method>
  <thread>1</thread>
  <message>Test Cases/Permohonan Aktiviti Politik/staff-approval stage (kj reject)</message>
  <nestedLevel>1</nestedLevel>
  <escapedJava>false</escapedJava>
</record>
<record>
  <date>2026-01-06T05:20:46.983204400Z</date>
  <millis>1767676846983</millis>
  <nanos>204400</nanos>
  <sequence>513</sequence>
  <level>END</level>
  <class>com.kms.katalon.core.logging.XmlKeywordLogger</class>
  <method>endTest</method>
  <thread>1</thread>
  <message>End Test Case : Test Cases/Permohonan Aktiviti Politik/staff-approval stage (kj reject)</message>
  <nestedLevel>0</nestedLevel>
  <escapedJava>false</escapedJava>
  <property name="executionBindingVariables">[]</property>
  <property name="applitools">false</property>
  <property name="keywordsUsage">{
  &quot;web_ui&quot;: true,
  &quot;web_service&quot;: false,
  &quot;cucumber&quot;: false,
  &quot;builtin&quot;: false,
  &quot;mobile&quot;: false,
  &quot;windows&quot;: false,
  &quot;testng&quot;: false
}</property>
</record>
<record>
  <date>2026-01-06T05:20:47.232908200Z</date>
  <millis>1767676847232</millis>
  <nanos>908200</nanos>
  <sequence>514</sequence>
  <level>END</level>
  <class>com.kms.katalon.core.logging.XmlKeywordLogger</class>
  <method>endSuite</method>
  <thread>1</thread>
  <message>End Test Suite : Test Suites/permohonan aktiviti politik</message>
  <nestedLevel>0</nestedLevel>
  <escapedJava>false</escapedJava>
</record>
</log>
